101,citrus fruit,semi-finished bread,margarine,ready soups,,,,,,,,,,,,,,,,,,,
102,tropical fruit,yogurt,coffee,,,,,,,,,,,,,,,,,,,,
103,milk,,,,,,,,,,,,,,,,,,,,,,
104,pip fruit,yogurt,cream cheese ,meat spreads,,,,,,,,,,,,,,,,,,,
105,other vegetables,milk,condensed milk,long life bakery product,,,,,,,,,,,,,,,,,,,
106,milk,butter,yogurt,rice,abrasive cleaner,,,,,,,,,,,,,,,,,,
107,rolls,,,,,,,,,,,,,,,,,,,,,,
108,other vegetables,cow milk,rolls,bottled beer,liquor (appetizer),,,,,,,,,,,,,,,,,,
109,pot plants,,,,,,,,,,,,,,,,,,,,,,
110,milk,cereals,,,,,,,,,,,,,,,,,,,,,
111,tropical fruit,other vegetables,white bread,bottled water,chocolate,,,,,,,,,,,,,,,,,,
112,citrus fruit,tropical fruit,milk,butter,curd,yogurt,flour,bottled water,dishes,,,,,,,,,,,,,,
113,beef,,,,,,,,,,,,,,,,,,,,,,
114,frankfurter,rolls,soda,,,,,,,,,,,,,,,,,,,,
115,chicken,tropical fruit,,,,,,,,,,,,,,,,,,,,,
116,butter,sugar,fruit/vegetable juice,newspapers,,,,,,,,,,,,,,,,,,,
117,fruit/vegetable juice,,,,,,,,,,,,,,,,,,,,,,
118,packaged fruit/vegetables,,,,,,,,,,,,,,,,,,,,,,
119,chocolate,,,,,,,,,,,,,,,,,,,,,,
120,specialty bar,,,,,,,,,,,,,,,,,,,,,,
121,other vegetables,,,,,,,,,,,,,,,,,,,,,,
122,butter milk,pastry,,,,,,,,,,,,,,,,,,,,,
123,milk,,,,,,,,,,,,,,,,,,,,,,
124,tropical fruit,cream cheese ,processed cheese,detergent,newspapers,,,,,,,,,,,,,,,,,,
125,tropical fruit,root vegetables,other vegetables,frozen dessert,rolls,flour,sweet spreads,salty snack,waffles,candy,bathroom cleaner,,,,,,,,,,,,
126,bottled water,canned beer,,,,,,,,,,,,,,,,,,,,,
127,yogurt,,,,,,,,,,,,,,,,,,,,,,
128,sausage,rolls,soda,chocolate,,,,,,,,,,,,,,,,,,,
129,other vegetables,,,,,,,,,,,,,,,,,,,,,,
130,brown bread,soda,fruit/vegetable juice,canned beer,newspapers,shopping bags,,,,,,,,,,,,,,,,,
131,yogurt,beverages,bottled water,specialty bar,,,,,,,,,,,,,,,,,,,
132,hamburger meat,other vegetables,rolls,spices,bottled water,hygiene articles,napkins,,,,,,,,,,,,,,,,
133,root vegetables,other vegetables,milk,beverages,sugar,,,,,,,,,,,,,,,,,,
134,pork,berries,other vegetables,milk,whipped/sour cream,artif. sweetener,soda,abrasive cleaner,,,,,,,,,,,,,,,
135,beef,grapes,detergent,,,,,,,,,,,,,,,,,,,,
136,pastry,soda,,,,,,,,,,,,,,,,,,,,,
137,fruit/vegetable juice,,,,,,,,,,,,,,,,,,,,,,
138,canned beer,,,,,,,,,,,,,,,,,,,,,,
139,root vegetables,other vegetables,milk,dessert,,,,,,,,,,,,,,,,,,,
140,citrus fruit,zwieback,newspapers,,,,,,,,,,,,,,,,,,,,
141,sausage,rolls,soda,canned beer,specialty bar,shopping bags,,,,,,,,,,,,,,,,,
142,tropical fruit,root vegetables,milk,yogurt,domestic eggs,brown bread,pastry,sugar,cereals,coffee,soda,waffles,candy,,,,,,,,,,
143,berries,yogurt,,,,,,,,,,,,,,,,,,,,,
144,canned beer,,,,,,,,,,,,,,,,,,,,,,
145,butter milk,yogurt,cream cheese ,spread cheese,rolls,bottled water,soda,newspapers,,,,,,,,,,,,,,,
146,coffee,,,,,,,,,,,,,,,,,,,,,,
147,pastry,bottled water,,,,,,,,,,,,,,,,,,,,,
148,rolls,,,,,,,,,,,,,,,,,,,,,,
149,misc. beverages,,,,,,,,,,,,,,,,,,,,,,
150,root vegetables,other vegetables,butter,curd,whipped/sour cream,cow milk,hard cheese,rolls,bottled water,long life bakery product,,,,,,,,,,,,,
151,sausage,rolls,cat food,newspapers,,,,,,,,,,,,,,,,,,,
152,canned beer,,,,,,,,,,,,,,,,,,,,,,
153,ham,grapes,other vegetables,milk,,,,,,,,,,,,,,,,,,,
154,turkey,tropical fruit,other vegetables,curd,domestic eggs,brown bread,semi-finished bread,margarine,baking powder,fruit/vegetable juice,,,,,,,,,,,,,
155,milk,yogurt,processed cheese,pickled vegetables,soda,,,,,,,,,,,,,,,,,,
156,milk,curd,yogurt,pastry,,,,,,,,,,,,,,,,,,,
157,packaged fruit/vegetables,brown bread,canned beer,,,,,,,,,,,,,,,,,,,,
158,rolls,oil,bottled water,chewing gum,chocolate marshmallow,hygiene articles,napkins,,,,,,,,,,,,,,,,
159,ham,beef,whipped/sour cream,ice cream,rolls,cat food,,,,,,,,,,,,,,,,,
160,rolls,pastry,sugar,,,,,,,,,,,,,,,,,,,,
161,other vegetables,milk,frozen vegetables,canned fish,salty snack,seasonal products,detergent,,,,,,,,,,,,,,,,
162,sausage,pastry,,,,,,,,,,,,,,,,,,,,,
163,sausage,beef,milk,,,,,,,,,,,,,,,,,,,,
164,frankfurter,tropical fruit,rolls,brown bread,sugar,,,,,,,,,,,,,,,,,,
165,rolls,pastry,soda,,,,,,,,,,,,,,,,,,,,
166,milk,,,,,,,,,,,,,,,,,,,,,,
167,curd cheese,coffee,,,,,,,,,,,,,,,,,,,,,
168,red/blush wine,newspapers,,,,,,,,,,,,,,,,,,,,,
169,sausage,milk,curd,,,,,,,,,,,,,,,,,,,,
170,tropical fruit,pip fruit,berries,milk,frozen potato products,rolls,pickled vegetables,chocolate,,,,,,,,,,,,,,,
171,red/blush wine,,,,,,,,,,,,,,,,,,,,,,
172,milk,butter,margarine,specialty fat,specialty chocolate,candles,flower (seeds),,,,,,,,,,,,,,,,
173,frankfurter,citrus fruit,milk,domestic eggs,oil,sparkling wine,specialty chocolate,newspapers,,,,,,,,,,,,,,,
174,milk,meat spreads,soda,,,,,,,,,,,,,,,,,,,,
175,frozen potato products,,,,,,,,,,,,,,,,,,,,,,
176,other vegetables,milk,rolls,sugar,,,,,,,,,,,,,,,,,,,
177,citrus fruit,milk,curd,butter milk,pastry,,,,,,,,,,,,,,,,,,
178,flour,salt,bottled water,fruit/vegetable juice,bottled beer,,,,,,,,,,,,,,,,,,
179,sugar,bottled water,soda,bottled beer,,,,,,,,,,,,,,,,,,,
180,frozen meals,coffee,,,,,,,,,,,,,,,,,,,,,
181,chocolate,,,,,,,,,,,,,,,,,,,,,,
182,root vegetables,milk,frozen vegetables,domestic eggs,rolls,oil,margarine,canned vegetables,fruit/vegetable juice,bathroom cleaner,,,,,,,,,,,,,
183,root vegetables,onions,hard cheese,frozen vegetables,,,,,,,,,,,,,,,,,,,
184,herbs,condensed milk,frozen vegetables,salt,oil,white wine,candles,,,,,,,,,,,,,,,,
185,bottled water,,,,,,,,,,,,,,,,,,,,,,
186,sausage,root vegetables,onions,yogurt,rolls,brandy,detergent,,,,,,,,,,,,,,,,
187,coffee,newspapers,,,,,,,,,,,,,,,,,,,,,
188,pork,other vegetables,whipped/sour cream,,,,,,,,,,,,,,,,,,,,
189,berries,yogurt,,,,,,,,,,,,,,,,,,,,,
190,soda,,,,,,,,,,,,,,,,,,,,,,
191,berries,,,,,,,,,,,,,,,,,,,,,,
192,fruit/vegetable juice,salty snack,candles,,,,,,,,,,,,,,,,,,,,
193,citrus fruit,butter milk,yogurt,cream cheese ,,,,,,,,,,,,,,,,,,,
194,pork,hamburger meat,citrus fruit,berries,onions,whipped/sour cream,rice,coffee,chocolate,,,,,,,,,,,,,,
195,detergent,,,,,,,,,,,,,,,,,,,,,,
196,grapes,photo/film,,,,,,,,,,,,,,,,,,,,,
197,sausage,sliced cheese,rolls,brown bread,fruit/vegetable juice,canned beer,red/blush wine,waffles,shopping bags,,,,,,,,,,,,,,
198,chicken,hamburger meat,citrus fruit,tropical fruit,root vegetables,other vegetables,butter,pasta,oil,detergent,,,,,,,,,,,,,
199,milk,yogurt,brown bread,,,,,,,,,,,,,,,,,,,,
200,citrus fruit,tropical fruit,,,,,,,,,,,,,,,,,,,,,
201,soda,misc. beverages,,,,,,,,,,,,,,,,,,,,,
202,sausage,pork,grapes,milk,rolls,pastry,soda,specialty bar,bathroom cleaner,,,,,,,,,,,,,,
203,frankfurter,rolls,bottled water,,,,,,,,,,,,,,,,,,,,
204,sausage,milk,yogurt,coffee,fruit/vegetable juice,bottled beer,softener,napkins,photo/film,shopping bags,,,,,,,,,,,,,
205,soda,,,,,,,,,,,,,,,,,,,,,,
206,rolls,fruit/vegetable juice,,,,,,,,,,,,,,,,,,,,,
207,beef,citrus fruit,berries,root vegetables,brown bread,detergent,,,,,,,,,,,,,,,,,
208,milk,whipped/sour cream,rolls,soda,waffles,candy,cling film/bags,,,,,,,,,,,,,,,,
209,processed cheese,,,,,,,,,,,,,,,,,,,,,,
210,tropical fruit,pip fruit,,,,,,,,,,,,,,,,,,,,,
211,frankfurter,sausage,root vegetables,other vegetables,rolls,oil,pickled vegetables,bottled beer,chewing gum,dishes,,,,,,,,,,,,,
212,packaged fruit/vegetables,bottled water,,,,,,,,,,,,,,,,,,,,,
213,milk,dessert,frozen vegetables,rolls,margarine,bottled water,red/blush wine,newspapers,,,,,,,,,,,,,,,
214,berries,whipped/sour cream,,,,,,,,,,,,,,,,,,,,,
215,citrus fruit,berries,cow milk,processed cheese,,,,,,,,,,,,,,,,,,,
216,tropical fruit,milk,yogurt,,,,,,,,,,,,,,,,,,,,
217,hamburger meat,milk,frozen vegetables,rolls,bottled beer,sparkling wine,,,,,,,,,,,,,,,,,
218,hamburger meat,other vegetables,milk,frozen vegetables,domestic eggs,soda,dishes,,,,,,,,,,,,,,,,
219,milk,cream cheese ,soda,,,,,,,,,,,,,,,,,,,,
220,fish,other vegetables,pastry,margarine,coffee,long life bakery product,male cosmetics,shopping bags,,,,,,,,,,,,,,,
221,frankfurter,sausage,long life bakery product,waffles,,,,,,,,,,,,,,,,,,,
222,packaged fruit/vegetables,dessert,semi-finished bread,canned beer,,,,,,,,,,,,,,,,,,,
223,pastry,soda,,,,,,,,,,,,,,,,,,,,,
224,other vegetables,red/blush wine,,,,,,,,,,,,,,,,,,,,,
225,misc. beverages,,,,,,,,,,,,,,,,,,,,,,
226,frankfurter,sausage,citrus fruit,tropical fruit,pip fruit,milk,hard cheese,cream cheese ,domestic eggs,rice,sugar,canned fruit,misc. beverages,fruit/vegetable juice,hygiene articles,,,,,,,,
227,sparkling wine,,,,,,,,,,,,,,,,,,,,,,
228,specialty bar,,,,,,,,,,,,,,,,,,,,,,
229,sausage,butter milk,rolls,,,,,,,,,,,,,,,,,,,,
230,curd cheese,,,,,,,,,,,,,,,,,,,,,,
231,frankfurter,dessert,,,,,,,,,,,,,,,,,,,,,
232,milk,yogurt,beverages,brown bread,shopping bags,,,,,,,,,,,,,,,,,,
233,newspapers,,,,,,,,,,,,,,,,,,,,,,
234,berries,soda,,,,,,,,,,,,,,,,,,,,,
235,curd,flour,liquor (appetizer),,,,,,,,,,,,,,,,,,,,
236,tropical fruit,other vegetables,coffee,,,,,,,,,,,,,,,,,,,,
237,soda,,,,,,,,,,,,,,,,,,,,,,
238,rolls,Instant food products,,,,,,,,,,,,,,,,,,,,,
239,canned beer,,,,,,,,,,,,,,,,,,,,,,
240,canned beer,,,,,,,,,,,,,,,,,,,,,,
241,frankfurter,sausage,milk,rolls,margarine,,,,,,,,,,,,,,,,,,
242,other vegetables,misc. beverages,canned beer,,,,,,,,,,,,,,,,,,,,
243,milk,frozen vegetables,,,,,,,,,,,,,,,,,,,,,
244,milk,,,,,,,,,,,,,,,,,,,,,,
245,citrus fruit,butter,cream cheese ,white bread,oil,margarine,newspapers,,,,,,,,,,,,,,,,
246,frankfurter,rolls,,,,,,,,,,,,,,,,,,,,,
247,frankfurter,ham,pip fruit,other vegetables,milk,soft cheese,frozen vegetables,rolls,sugar,baking powder,,,,,,,,,,,,,
248,butter milk,yogurt,honey,soda,detergent,,,,,,,,,,,,,,,,,,
249,hamburger meat,citrus fruit,onions,rolls,bottled water,dental care,,,,,,,,,,,,,,,,,
250,pasta,popcorn,,,,,,,,,,,,,,,,,,,,,
251,other vegetables,milk,meat spreads,cake bar,chocolate,shopping bags,,,,,,,,,,,,,,,,,
252,sausage,pork,citrus fruit,dessert,white bread,dishes,candles,,,,,,,,,,,,,,,,
253,rolls,,,,,,,,,,,,,,,,,,,,,,
254,grapes,other vegetables,curd,dessert,yogurt,napkins,,,,,,,,,,,,,,,,,
255,root vegetables,other vegetables,milk,yogurt,beverages,soft cheese,frozen vegetables,fruit/vegetable juice,bottled beer,,,,,,,,,,,,,,
256,coffee,shopping bags,,,,,,,,,,,,,,,,,,,,,
257,popcorn,,,,,,,,,,,,,,,,,,,,,,
258,milk,rolls,sugar,bottled water,soda,,,,,,,,,,,,,,,,,,
259,tropical fruit,other vegetables,packaged fruit/vegetables,milk,snack products,,,,,,,,,,,,,,,,,,
260,beef,herbs,flour,cling film/bags,flower soil/fertilizer,,,,,,,,,,,,,,,,,,
261,milk,butter,dessert,rolls,,,,,,,,,,,,,,,,,,,
262,frankfurter,soda,chewing gum,,,,,,,,,,,,,,,,,,,,
263,tropical fruit,specialty cheese,bottled water,,,,,,,,,,,,,,,,,,,,
264,canned beer,,,,,,,,,,,,,,,,,,,,,,
265,finished products,other vegetables,frozen vegetables,bottled beer,,,,,,,,,,,,,,,,,,,
266,beverages,soda,,,,,,,,,,,,,,,,,,,,,
267,hamburger meat,root vegetables,milk,,,,,,,,,,,,,,,,,,,,
268,milk,pastry,long life bakery product,,,,,,,,,,,,,,,,,,,,
269,finished products,white wine,shopping bags,,,,,,,,,,,,,,,,,,,,
270,other vegetables,,,,,,,,,,,,,,,,,,,,,,
271,ham,tropical fruit,other vegetables,milk,white bread,brown bread,fruit/vegetable juice,bottled beer,,,,,,,,,,,,,,,
272,other vegetables,,,,,,,,,,,,,,,,,,,,,,
273,curd,butter milk,cocoa drinks,salty snack,popcorn,,,,,,,,,,,,,,,,,,
274,bottled beer,,,,,,,,,,,,,,,,,,,,,,
275,curd,dessert,soda,salty snack,waffles,cake bar,chocolate,shopping bags,,,,,,,,,,,,,,,
276,milk,cream cheese ,cereals,dog food,,,,,,,,,,,,,,,,,,,
277,milk,salt,,,,,,,,,,,,,,,,,,,,,
278,dessert,ice cream,,,,,,,,,,,,,,,,,,,,,
279,sausage,soft cheese,coffee,,,,,,,,,,,,,,,,,,,,
280,other vegetables,bottled water,waffles,dishes,shopping bags,,,,,,,,,,,,,,,,,,
281,ham,milk,rolls,,,,,,,,,,,,,,,,,,,,
282,other vegetables,ice cream,,,,,,,,,,,,,,,,,,,,,
283,other vegetables,bottled water,,,,,,,,,,,,,,,,,,,,,
284,soda,bottled beer,white wine,prosecco,,,,,,,,,,,,,,,,,,,
285,herbs,candy,,,,,,,,,,,,,,,,,,,,,
286,frankfurter,ham,tropical fruit,pip fruit,root vegetables,other vegetables,milk,butter,curd,yogurt,whipped/sour cream,soft cheese,sliced cheese,cream cheese ,frozen meals,frozen fish,domestic eggs,white bread,sugar,cereals,fruit/vegetable juice,bottled beer,waffles
287,rolls,canned beer,,,,,,,,,,,,,,,,,,,,,
288,curd,cream cheese ,semi-finished bread,zwieback,cake bar,specialty bar,shopping bags,,,,,,,,,,,,,,,,
289,frankfurter,tropical fruit,milk,spread cheese,margarine,shopping bags,,,,,,,,,,,,,,,,,
290,other vegetables,,,,,,,,,,,,,,,,,,,,,,
291,dog food,,,,,,,,,,,,,,,,,,,,,,
292,specialty bar,,,,,,,,,,,,,,,,,,,,,,
293,curd,salt,liquor (appetizer),detergent,shopping bags,,,,,,,,,,,,,,,,,,
294,frankfurter,rolls,,,,,,,,,,,,,,,,,,,,,
295,soda,,,,,,,,,,,,,,,,,,,,,,
296,beef,berries,root vegetables,milk,dessert,spread cheese,brown bread,,,,,,,,,,,,,,,,
297,canned beer,,,,,,,,,,,,,,,,,,,,,,
298,pork,beef,pip fruit,herbs,spices,,,,,,,,,,,,,,,,,,
299,frankfurter,citrus fruit,cow milk,margarine,sugar,,,,,,,,,,,,,,,,,,
300,sausage,bottled beer,liquor (appetizer),,,,,,,,,,,,,,,,,,,,
301,canned beer,,,,,,,,,,,,,,,,,,,,,,
302,specialty chocolate,,,,,,,,,,,,,,,,,,,,,,
303,curd,rolls,,,,,,,,,,,,,,,,,,,,,
304,canned beer,,,,,,,,,,,,,,,,,,,,,,
305,milk,bottled water,newspapers,,,,,,,,,,,,,,,,,,,,
306,rolls,chewing gum,,,,,,,,,,,,,,,,,,,,,
307,pork,root vegetables,other vegetables,milk,dishes,,,,,,,,,,,,,,,,,,
308,citrus fruit,pastry,,,,,,,,,,,,,,,,,,,,,
309,pot plants,,,,,,,,,,,,,,,,,,,,,,
310,rolls,pastry,soda,,,,,,,,,,,,,,,,,,,,
311,butter,yogurt,bottled water,soda,make up remover,hygiene articles,,,,,,,,,,,,,,,,,
312,condensed milk,sugar,coffee,shopping bags,,,,,,,,,,,,,,,,,,,
313,sausage,other vegetables,yogurt,soda,shopping bags,,,,,,,,,,,,,,,,,,
314,milk,beverages,cow milk,soda,,,,,,,,,,,,,,,,,,,
315,sausage,pork,beef,milk,rolls,margarine,,,,,,,,,,,,,,,,,
316,beverages,,,,,,,,,,,,,,,,,,,,,,
317,beverages,specialty bar,,,,,,,,,,,,,,,,,,,,,
318,bottled water,fruit/vegetable juice,,,,,,,,,,,,,,,,,,,,,
319,newspapers,,,,,,,,,,,,,,,,,,,,,,
320,cleaner,female sanitary products,,,,,,,,,,,,,,,,,,,,,
321,sausage,soda,newspapers,shopping bags,,,,,,,,,,,,,,,,,,,
322,newspapers,,,,,,,,,,,,,,,,,,,,,,
323,sausage,beef,citrus fruit,other vegetables,milk,butter milk,whipped/sour cream,beverages,hard cheese,rolls,dish cleaner,cookware,,,,,,,,,,,
324,misc. beverages,newspapers,,,,,,,,,,,,,,,,,,,,,
325,white wine,,,,,,,,,,,,,,,,,,,,,,
326,sausage,sliced cheese,rolls,soda,canned beer,shopping bags,,,,,,,,,,,,,,,,,
327,meat,curd,bottled beer,cake bar,,,,,,,,,,,,,,,,,,,
328,frankfurter,meat,tropical fruit,onions,oil,baking powder,tea,cling film/bags,,,,,,,,,,,,,,,
329,ice cream,rolls,canned beer,,,,,,,,,,,,,,,,,,,,
330,canned beer,,,,,,,,,,,,,,,,,,,,,,
331,tropical fruit,berries,root vegetables,other vegetables,bottled water,shopping bags,,,,,,,,,,,,,,,,,
332,meat,citrus fruit,other vegetables,curd,dessert,butter milk,beverages,cream cheese ,rolls,brown bread,tea,bottled water,,,,,,,,,,,
333,milk,mustard,bottled water,,,,,,,,,,,,,,,,,,,,
334,sausage,beef,beverages,sliced cheese,rolls,spices,house keeping products,flower (seeds),,,,,,,,,,,,,,,
335,frankfurter,sausage,root vegetables,butter,curd,sliced cheese,rolls,salty snack,long life bakery product,,,,,,,,,,,,,,
336,meat,other vegetables,butter,rolls,,,,,,,,,,,,,,,,,,,
337,root vegetables,beverages,Instant food products,pickled vegetables,detergent,,,,,,,,,,,,,,,,,,
338,root vegetables,herbs,other vegetables,milk,sliced cheese,rolls,,,,,,,,,,,,,,,,,
339,milk,whipped/sour cream,semi-finished bread,margarine,,,,,,,,,,,,,,,,,,,
340,citrus fruit,milk,curd,dessert,yogurt,whipped/sour cream,frozen dessert,rolls,salt,sugar,cereals,canned vegetables,canned fish,skin care,hygiene articles,napkins,,,,,,,
341,citrus fruit,curd,pastry,margarine,sugar,candy,newspapers,,,,,,,,,,,,,,,,
342,other vegetables,milk,bottled water,soda,misc. beverages,bottled beer,red/blush wine,napkins,,,,,,,,,,,,,,,
343,citrus fruit,milk,rolls,,,,,,,,,,,,,,,,,,,,
344,sausage,oil,hygiene articles,napkins,,,,,,,,,,,,,,,,,,,
345,frankfurter,beef,hamburger meat,grapes,root vegetables,milk,butter,frozen dessert,potato products,bottled water,bottled beer,,,,,,,,,,,,
346,hard cheese,rolls,bottled water,newspapers,,,,,,,,,,,,,,,,,,,
347,cream cheese ,rolls,soda,chocolate,,,,,,,,,,,,,,,,,,,
348,turkey,beef,frozen vegetables,dishes,photo/film,,,,,,,,,,,,,,,,,,
349,pork,other vegetables,whipped/sour cream,rolls,soda,shopping bags,,,,,,,,,,,,,,,,,
350,milk,beverages,,,,,,,,,,,,,,,,,,,,,
351,rolls,soda,,,,,,,,,,,,,,,,,,,,,
352,sausage,pip fruit,milk,curd,yogurt,sliced cheese,rolls,bottled water,hygiene articles,,,,,,,,,,,,,,
353,ice cream,,,,,,,,,,,,,,,,,,,,,,
354,liquor,,,,,,,,,,,,,,,,,,,,,,
355,pip fruit,other vegetables,fruit/vegetable juice,,,,,,,,,,,,,,,,,,,,
356,root vegetables,other vegetables,yogurt,,,,,,,,,,,,,,,,,,,,
357,soda,,,,,,,,,,,,,,,,,,,,,,
358,soda,,,,,,,,,,,,,,,,,,,,,,
359,sausage,citrus fruit,tropical fruit,other vegetables,milk,yogurt,rolls,bottled water,soda,chocolate,newspapers,,,,,,,,,,,,
360,root vegetables,milk,pet care,detergent,,,,,,,,,,,,,,,,,,,
361,pork,berries,root vegetables,other vegetables,pastry,specialty bar,,,,,,,,,,,,,,,,,
362,pork,,,,,,,,,,,,,,,,,,,,,,
363,chocolate,,,,,,,,,,,,,,,,,,,,,,
364,fruit/vegetable juice,,,,,,,,,,,,,,,,,,,,,,
365,pickled vegetables,coffee,,,,,,,,,,,,,,,,,,,,,
366,bottled water,,,,,,,,,,,,,,,,,,,,,,
367,frankfurter,sausage,butter,whipped/sour cream,rolls,margarine,spices,,,,,,,,,,,,,,,,
368,tropical fruit,pip fruit,onions,other vegetables,milk,domestic eggs,sugar,soups,tea,soda,hygiene articles,napkins,,,,,,,,,,,
369,canned beer,,,,,,,,,,,,,,,,,,,,,,
370,root vegetables,,,,,,,,,,,,,,,,,,,,,,
371,meat,citrus fruit,berries,root vegetables,milk,soda,,,,,,,,,,,,,,,,,
372,frankfurter,rolls,bottled water,fruit/vegetable juice,hygiene articles,,,,,,,,,,,,,,,,,,
373,tropical fruit,margarine,rum,,,,,,,,,,,,,,,,,,,,
374,tropical fruit,root vegetables,herbs,milk,butter milk,whipped/sour cream,flour,hygiene articles,,,,,,,,,,,,,,,
375,citrus fruit,pip fruit,root vegetables,other vegetables,milk,cream cheese ,domestic eggs,brown bread,margarine,baking powder,waffles,,,,,,,,,,,,
376,hamburger meat,other vegetables,milk,curd,yogurt,rolls,pastry,semi-finished bread,margarine,bottled water,fruit/vegetable juice,,,,,,,,,,,,
377,chicken,pip fruit,other vegetables,milk,dessert,yogurt,whipped/sour cream,rolls,pasta,soda,waffles,,,,,,,,,,,,
378,chicken,citrus fruit,tropical fruit,root vegetables,milk,frozen fish,rolls,,,,,,,,,,,,,,,,
379,frankfurter,citrus fruit,onions,other vegetables,milk,rolls,sugar,soda,,,,,,,,,,,,,,,
380,canned beer,,,,,,,,,,,,,,,,,,,,,,
381,turkey,pip fruit,salad dressing,pastry,,,,,,,,,,,,,,,,,,,
382,packaged fruit/vegetables,milk,curd,yogurt,domestic eggs,brown bread,mustard,pickled vegetables,bottled water,misc. beverages,,,,,,,,,,,,,
383,pasta,,,,,,,,,,,,,,,,,,,,,,
384,citrus fruit,tropical fruit,,,,,,,,,,,,,,,,,,,,,
385,sausage,milk,yogurt,rolls,brown bread,pot plants,,,,,,,,,,,,,,,,,
386,milk,frozen meals,pastry,fruit/vegetable juice,waffles,,,,,,,,,,,,,,,,,,
387,canned beer,,,,,,,,,,,,,,,,,,,,,,
388,citrus fruit,sugar,sauces,,,,,,,,,,,,,,,,,,,,
389,liquor (appetizer),,,,,,,,,,,,,,,,,,,,,,
390,citrus fruit,other vegetables,rolls,salty snack,shopping bags,,,,,,,,,,,,,,,,,,
391,sausage,,,,,,,,,,,,,,,,,,,,,,
392,chicken,other vegetables,milk,vinegar,oil,bottled water,canned beer,napkins,newspapers,,,,,,,,,,,,,,
393,hamburger meat,root vegetables,other vegetables,milk,yogurt,whipped/sour cream,specialty cheese,flour,margarine,,,,,,,,,,,,,,
394,sausage,pork,other vegetables,dessert,yogurt,oil,soda,,,,,,,,,,,,,,,,
395,beef,berries,root vegetables,milk,whipped/sour cream,abrasive cleaner,,,,,,,,,,,,,,,,,
396,citrus fruit,packaged fruit/vegetables,yogurt,bottled water,,,,,,,,,,,,,,,,,,,
397,cow milk,coffee,,,,,,,,,,,,,,,,,,,,,
398,candy,,,,,,,,,,,,,,,,,,,,,,
399,newspapers,,,,,,,,,,,,,,,,,,,,,,
400,beef,citrus fruit,other vegetables,yogurt,,,,,,,,,,,,,,,,,,,
401,sausage,rolls,,,,,,,,,,,,,,,,,,,,,
402,frankfurter,beef,root vegetables,curd,dessert,yogurt,soft cheese,rolls,mustard,pickled vegetables,canned beer,hygiene articles,napkins,,,,,,,,,,
403,canned beer,,,,,,,,,,,,,,,,,,,,,,
404,bottled beer,,,,,,,,,,,,,,,,,,,,,,
405,onions,soda,chewing gum,chocolate,newspapers,,,,,,,,,,,,,,,,,,
406,tropical fruit,packaged fruit/vegetables,cream cheese ,white bread,candy,,,,,,,,,,,,,,,,,,
407,bottled water,white wine,,,,,,,,,,,,,,,,,,,,,
408,beef,white bread,pastry,pasta,soap,,,,,,,,,,,,,,,,,,
409,sausage,chicken,tropical fruit,root vegetables,milk,yogurt,candy,abrasive cleaner,cleaner,,,,,,,,,,,,,,
410,hair spray,,,,,,,,,,,,,,,,,,,,,,
411,chicken,milk,spices,long life bakery product,shopping bags,,,,,,,,,,,,,,,,,,
412,pork,citrus fruit,brown bread,pastry,sugar,cat food,,,,,,,,,,,,,,,,,
413,ice cream,,,,,,,,,,,,,,,,,,,,,,
414,meat,hard cheese,bottled beer,,,,,,,,,,,,,,,,,,,,
415,other vegetables,yogurt,brown bread,instant coffee,,,,,,,,,,,,,,,,,,,
416,bottled water,cake bar,,,,,,,,,,,,,,,,,,,,,
417,tropical fruit,soda,salty snack,,,,,,,,,,,,,,,,,,,,
418,photo/film,,,,,,,,,,,,,,,,,,,,,,
419,sausage,citrus fruit,yogurt,coffee,soda,canned beer,dishes,,,,,,,,,,,,,,,,
420,grapes,root vegetables,,,,,,,,,,,,,,,,,,,,,
421,domestic eggs,brown bread,photo/film,,,,,,,,,,,,,,,,,,,,
422,rolls,canned fish,canned beer,,,,,,,,,,,,,,,,,,,,
423,tropical fruit,milk,,,,,,,,,,,,,,,,,,,,,
424,chicken,,,,,,,,,,,,,,,,,,,,,,
425,frankfurter,other vegetables,yogurt,brown bread,bottled water,,,,,,,,,,,,,,,,,,
426,berries,root vegetables,other vegetables,curd,butter milk,cream cheese ,roll products ,margarine,misc. beverages,specialty chocolate,detergent,,,,,,,,,,,,
427,margarine,hygiene articles,,,,,,,,,,,,,,,,,,,,,
428,tropical fruit,yogurt,rolls,soda,shopping bags,,,,,,,,,,,,,,,,,,
429,ham,other vegetables,whipped/sour cream,hard cheese,rolls,soda,misc. beverages,chocolate,candy,,,,,,,,,,,,,,
430,hamburger meat,white bread,salty snack,,,,,,,,,,,,,,,,,,,,
431,yogurt,mayonnaise,rolls,soda,napkins,,,,,,,,,,,,,,,,,,
432,soda,specialty chocolate,,,,,,,,,,,,,,,,,,,,,
433,yogurt,,,,,,,,,,,,,,,,,,,,,,
434,soda,,,,,,,,,,,,,,,,,,,,,,
435,bottled water,,,,,,,,,,,,,,,,,,,,,,
436,sausage,meat,hamburger meat,rubbing alcohol,,,,,,,,,,,,,,,,,,,
437,citrus fruit,pip fruit,beverages,hard cheese,pet care,soda,fruit/vegetable juice,waffles,,,,,,,,,,,,,,,
438,shopping bags,,,,,,,,,,,,,,,,,,,,,,
439,newspapers,,,,,,,,,,,,,,,,,,,,,,
440,frankfurter,other vegetables,milk,curd,frozen potato products,zwieback,specialty bar,dish cleaner,,,,,,,,,,,,,,,
441,sausage,citrus fruit,milk,canned beer,,,,,,,,,,,,,,,,,,,
442,frankfurter,rolls,,,,,,,,,,,,,,,,,,,,,
443,salt,salty snack,cookware,,,,,,,,,,,,,,,,,,,,
444,oil,,,,,,,,,,,,,,,,,,,,,,
445,curd,beverages,cream cheese ,rolls,pastry,soda,cake bar,chewing gum,,,,,,,,,,,,,,,
446,other vegetables,butter,specialty chocolate,,,,,,,,,,,,,,,,,,,,
447,citrus fruit,,,,,,,,,,,,,,,,,,,,,,
448,frankfurter,milk,butter milk,,,,,,,,,,,,,,,,,,,,
449,root vegetables,milk,butter,processed cheese,mayonnaise,salty snack,,,,,,,,,,,,,,,,,
450,tropical fruit,milk,frozen meals,bottled beer,,,,,,,,,,,,,,,,,,,
451,beef,hamburger meat,pip fruit,,,,,,,,,,,,,,,,,,,,
452,berries,whipped/sour cream,cereals,waffles,shopping bags,,,,,,,,,,,,,,,,,,
453,canned beer,,,,,,,,,,,,,,,,,,,,,,
454,whipped/sour cream,canned beer,red/blush wine,,,,,,,,,,,,,,,,,,,,
455,root vegetables,domestic eggs,margarine,chocolate marshmallow,candy,,,,,,,,,,,,,,,,,,
456,milk,soda,,,,,,,,,,,,,,,,,,,,,
457,beef,,,,,,,,,,,,,,,,,,,,,,
458,frozen vegetables,,,,,,,,,,,,,,,,,,,,,,
459,rolls,bottled beer,,,,,,,,,,,,,,,,,,,,,
460,milk,hygiene articles,,,,,,,,,,,,,,,,,,,,,
461,milk,,,,,,,,,,,,,,,,,,,,,,
462,citrus fruit,milk,curd,soft cheese,,,,,,,,,,,,,,,,,,,
463,pastry,fruit/vegetable juice,,,,,,,,,,,,,,,,,,,,,
464,frankfurter,sausage,pork,pip fruit,butter,processed cheese,white bread,brown bread,,,,,,,,,,,,,,,
465,tropical fruit,root vegetables,milk,whipped/sour cream,domestic eggs,,,,,,,,,,,,,,,,,,
466,frankfurter,sausage,root vegetables,yogurt,whipped/sour cream,pastry,napkins,,,,,,,,,,,,,,,,
467,berries,root vegetables,other vegetables,packaged fruit/vegetables,milk,curd,curd cheese,cat food,specialty bar,detergent,,,,,,,,,,,,,
468,rolls,brown bread,pastry,coffee,bottled beer,,,,,,,,,,,,,,,,,,
469,root vegetables,packaged fruit/vegetables,curd,dessert,frozen vegetables,specialty fat,coffee,,,,,,,,,,,,,,,,
470,yogurt,,,,,,,,,,,,,,,,,,,,,,
471,other vegetables,bottled water,,,,,,,,,,,,,,,,,,,,,
472,berries,white bread,,,,,,,,,,,,,,,,,,,,,
473,berries,coffee,,,,,,,,,,,,,,,,,,,,,
474,other vegetables,butter milk,frozen meals,bottled water,,,,,,,,,,,,,,,,,,,
475,rolls,newspapers,,,,,,,,,,,,,,,,,,,,,
476,ham,citrus fruit,milk,whipped/sour cream,rolls,pastry,waffles,hygiene articles,,,,,,,,,,,,,,,
477,milk,frozen dessert,salty snack,napkins,,,,,,,,,,,,,,,,,,,
478,tropical fruit,butter milk,rolls,bottled water,,,,,,,,,,,,,,,,,,,
479,bottled water,,,,,,,,,,,,,,,,,,,,,,
480,butter milk,yogurt,,,,,,,,,,,,,,,,,,,,,
481,newspapers,,,,,,,,,,,,,,,,,,,,,,
482,coffee,,,,,,,,,,,,,,,,,,,,,,
483,bottled beer,liquor,,,,,,,,,,,,,,,,,,,,,
484,onions,butter,whipped/sour cream,hard cheese,frozen vegetables,pasta,specialty fat,syrup,candy,napkins,cling film/bags,,,,,,,,,,,,
485,hamburger meat,hard cheese,frozen meals,pasta,dog food,salty snack,shopping bags,,,,,,,,,,,,,,,,
486,sausage,liver loaf,other vegetables,cream cheese ,pastry,soap,shopping bags,,,,,,,,,,,,,,,,
487,hard cheese,pastry,napkins,,,,,,,,,,,,,,,,,,,,
488,sausage,tropical fruit,condensed milk,rolls,,,,,,,,,,,,,,,,,,,
489,hamburger meat,,,,,,,,,,,,,,,,,,,,,,
490,onions,milk,beverages,frozen dessert,,,,,,,,,,,,,,,,,,,
491,coffee,,,,,,,,,,,,,,,,,,,,,,
492,shopping bags,,,,,,,,,,,,,,,,,,,,,,
493,yogurt,rolls,pastry,bottled water,soda,shopping bags,,,,,,,,,,,,,,,,,
494,soda,,,,,,,,,,,,,,,,,,,,,,
495,sliced cheese,,,,,,,,,,,,,,,,,,,,,,
496,sausage,milk,coffee,,,,,,,,,,,,,,,,,,,,
497,yogurt,chocolate,,,,,,,,,,,,,,,,,,,,,
498,domestic eggs,rolls,dish cleaner,hygiene articles,,,,,,,,,,,,,,,,,,,
499,milk,,,,,,,,,,,,,,,,,,,,,,
500,meat,other vegetables,milk,whipped/sour cream,,,,,,,,,,,,,,,,,,,
501,dish cleaner,bathroom cleaner,hygiene articles,napkins,,,,,,,,,,,,,,,,,,,
502,other vegetables,red/blush wine,,,,,,,,,,,,,,,,,,,,,
503,milk,butter milk,yogurt,sliced cheese,rolls,sweet spreads,coffee,fruit/vegetable juice,long life bakery product,shopping bags,,,,,,,,,,,,,
504,other vegetables,milk,rolls,Instant food products,,,,,,,,,,,,,,,,,,,
505,tropical fruit,other vegetables,,,,,,,,,,,,,,,,,,,,,
506,baking powder,bottled water,salty snack,chewing gum,,,,,,,,,,,,,,,,,,,
507,specialty bar,,,,,,,,,,,,,,,,,,,,,,
508,ice cream,,,,,,,,,,,,,,,,,,,,,,
509,frankfurter,yogurt,,,,,,,,,,,,,,,,,,,,,
510,canned beer,,,,,,,,,,,,,,,,,,,,,,
511,bottled water,,,,,,,,,,,,,,,,,,,,,,
512,other vegetables,milk,rolls,margarine,bottled water,bottled beer,,,,,,,,,,,,,,,,,
513,citrus fruit,tropical fruit,onions,other vegetables,shopping bags,,,,,,,,,,,,,,,,,,
514,sausage,ham,hamburger meat,milk,soda,softener,newspapers,,,,,,,,,,,,,,,,
515,domestic eggs,rolls,specialty bar,napkins,,,,,,,,,,,,,,,,,,,
516,pork,citrus fruit,tropical fruit,root vegetables,other vegetables,curd,hygiene articles,,,,,,,,,,,,,,,,
517,specialty cheese,frozen vegetables,coffee,soda,fruit/vegetable juice,salty snack,,,,,,,,,,,,,,,,,
518,pork,citrus fruit,pip fruit,yogurt,fruit/vegetable juice,sparkling wine,,,,,,,,,,,,,,,,,
519,beef,berries,whipped/sour cream,domestic eggs,rolls,,,,,,,,,,,,,,,,,,
520,other vegetables,pet care,,,,,,,,,,,,,,,,,,,,,
521,chicken,yogurt,sliced cheese,rolls,chewing gum,dishes,,,,,,,,,,,,,,,,,
522,soda,chewing gum,,,,,,,,,,,,,,,,,,,,,
523,milk,,,,,,,,,,,,,,,,,,,,,,
524,rolls,,,,,,,,,,,,,,,,,,,,,,
525,bottled beer,,,,,,,,,,,,,,,,,,,,,,
526,root vegetables,pastry,bottled water,male cosmetics,,,,,,,,,,,,,,,,,,,
527,pastry,,,,,,,,,,,,,,,,,,,,,,
528,berries,pet care,cake bar,shopping bags,,,,,,,,,,,,,,,,,,,
529,citrus fruit,tropical fruit,root vegetables,yogurt,canned vegetables,bottled water,soda,softener,,,,,,,,,,,,,,,
530,milk,oil,canned fruit,fruit/vegetable juice,,,,,,,,,,,,,,,,,,,
531,soda,misc. beverages,,,,,,,,,,,,,,,,,,,,,
532,bottled water,soda,,,,,,,,,,,,,,,,,,,,,
533,tropical fruit,other vegetables,rolls,,,,,,,,,,,,,,,,,,,,
534,salty snack,,,,,,,,,,,,,,,,,,,,,,
535,bottled water,canned beer,,,,,,,,,,,,,,,,,,,,,
536,chocolate,,,,,,,,,,,,,,,,,,,,,,
537,citrus fruit,cow milk,cream cheese ,frozen vegetables,,,,,,,,,,,,,,,,,,,
538,bottled water,canned beer,male cosmetics,,,,,,,,,,,,,,,,,,,,
539,onions,other vegetables,pastry,bottled water,soda,napkins,,,,,,,,,,,,,,,,,
540,dessert,oil,cat food,soda,,,,,,,,,,,,,,,,,,,
541,beef,other vegetables,milk,frozen potato products,rolls,oil,margarine,coffee,dental care,hygiene articles,newspapers,,,,,,,,,,,,
542,rolls,zwieback,bottled water,misc. beverages,bottled beer,canned beer,brandy,,,,,,,,,,,,,,,,
543,beef,tropical fruit,root vegetables,onions,other vegetables,instant coffee,soda,,,,,,,,,,,,,,,,
544,soda,,,,,,,,,,,,,,,,,,,,,,
545,coffee,hygiene articles,,,,,,,,,,,,,,,,,,,,,
546,rolls,brown bread,bottled water,,,,,,,,,,,,,,,,,,,,
547,pork,beef,hamburger meat,other vegetables,milk,frozen vegetables,rolls,margarine,shopping bags,,,,,,,,,,,,,,
548,soda,canned beer,liquor (appetizer),hygiene articles,napkins,newspapers,,,,,,,,,,,,,,,,,
549,sausage,ham,other vegetables,ice cream,white bread,,,,,,,,,,,,,,,,,,
550,beef,root vegetables,other vegetables,rolls,sugar,,,,,,,,,,,,,,,,,,
551,milk,butter,bottled water,bottled beer,,,,,,,,,,,,,,,,,,,
552,pork,ice cream,hygiene articles,house keeping products,,,,,,,,,,,,,,,,,,,
553,berries,packaged fruit/vegetables,milk,ice cream,fruit/vegetable juice,salty snack,specialty bar,,,,,,,,,,,,,,,,
554,sausage,other vegetables,curd,yogurt,whipped/sour cream,frozen vegetables,rolls,roll products ,,,,,,,,,,,,,,,
555,bottled water,misc. beverages,cling film/bags,,,,,,,,,,,,,,,,,,,,
556,tropical fruit,other vegetables,packaged fruit/vegetables,milk,hard cheese,frozen dessert,rice,bottled water,,,,,,,,,,,,,,,
557,herbs,bottled water,,,,,,,,,,,,,,,,,,,,,
558,yogurt,rolls,,,,,,,,,,,,,,,,,,,,,
559,Instant food products,,,,,,,,,,,,,,,,,,,,,,
560,specialty chocolate,,,,,,,,,,,,,,,,,,,,,,
561,coffee,,,,,,,,,,,,,,,,,,,,,,
562,bottled beer,liquor,,,,,,,,,,,,,,,,,,,,,
563,beef,root vegetables,,,,,,,,,,,,,,,,,,,,,
564,milk,honey,waffles,,,,,,,,,,,,,,,,,,,,
565,frankfurter,rolls,pastry,snack products,specialty bar,,,,,,,,,,,,,,,,,,
566,frankfurter,sausage,liver loaf,root vegetables,curd,frozen vegetables,rolls,semi-finished bread,hygiene articles,photo/film,,,,,,,,,,,,,
567,other vegetables,milk,cream cheese ,,,,,,,,,,,,,,,,,,,,
568,frankfurter,root vegetables,pickled vegetables,soda,seasonal products,,,,,,,,,,,,,,,,,,
569,milk,rolls,newspapers,,,,,,,,,,,,,,,,,,,,
570,frankfurter,margarine,dental care,,,,,,,,,,,,,,,,,,,,
571,other vegetables,salty snack,,,,,,,,,,,,,,,,,,,,,
572,bottled water,shopping bags,,,,,,,,,,,,,,,,,,,,,
573,pork,onions,milk,butter,rolls,pastry,rum,hygiene articles,,,,,,,,,,,,,,,
574,bottled water,,,,,,,,,,,,,,,,,,,,,,
575,other vegetables,whipped/sour cream,specialty cheese,domestic eggs,,,,,,,,,,,,,,,,,,,
576,hamburger meat,milk,curd,pasta,canned beer,,,,,,,,,,,,,,,,,,
577,hamburger meat,citrus fruit,other vegetables,,,,,,,,,,,,,,,,,,,,
578,shopping bags,,,,,,,,,,,,,,,,,,,,,,
579,milk,cream cheese ,soda,fruit/vegetable juice,,,,,,,,,,,,,,,,,,,
580,ice cream,,,,,,,,,,,,,,,,,,,,,,
581,pastry,bottled water,,,,,,,,,,,,,,,,,,,,,
582,ham,pip fruit,milk,curd,dessert,butter milk,whipped/sour cream,sliced cheese,cream cheese ,white bread,coffee,long life bakery product,chocolate,baby cosmetics,,,,,,,,,
583,frankfurter,soda,,,,,,,,,,,,,,,,,,,,,
584,sausage,turkey,beef,root vegetables,domestic eggs,rolls,flour,rice,organic products,misc. beverages,napkins,,,,,,,,,,,,
585,bottled beer,,,,,,,,,,,,,,,,,,,,,,
586,bottled water,bottled beer,napkins,,,,,,,,,,,,,,,,,,,,
587,meat,other vegetables,hard cheese,frozen meals,bottled water,soda,,,,,,,,,,,,,,,,,
588,dessert,candy,,,,,,,,,,,,,,,,,,,,,
589,other vegetables,packaged fruit/vegetables,cow milk,bottled water,,,,,,,,,,,,,,,,,,,
590,beverages,rolls,soda,,,,,,,,,,,,,,,,,,,,
591,ham,mustard,canned fish,,,,,,,,,,,,,,,,,,,,
592,specialty bar,,,,,,,,,,,,,,,,,,,,,,
593,brown bread,soda,salty snack,shopping bags,,,,,,,,,,,,,,,,,,,
594,milk,cream cheese ,coffee,,,,,,,,,,,,,,,,,,,,
595,rolls,pastry,red/blush wine,,,,,,,,,,,,,,,,,,,,
596,bottled beer,nut snack,,,,,,,,,,,,,,,,,,,,,
597,pet care,bottled beer,,,,,,,,,,,,,,,,,,,,,
598,citrus fruit,other vegetables,soda,,,,,,,,,,,,,,,,,,,,
599,pork,other vegetables,frozen vegetables,hygiene articles,,,,,,,,,,,,,,,,,,,
600,other vegetables,shopping bags,,,,,,,,,,,,,,,,,,,,,
601,white wine,detergent,,,,,,,,,,,,,,,,,,,,,
602,milk,dessert,bottled water,,,,,,,,,,,,,,,,,,,,
603,pip fruit,white wine,shopping bags,,,,,,,,,,,,,,,,,,,,
604,sugar,soda,bottled beer,,,,,,,,,,,,,,,,,,,,
605,tropical fruit,pip fruit,rolls,coffee,fruit/vegetable juice,candy,,,,,,,,,,,,,,,,,
606,root vegetables,cream cheese ,spread cheese,frozen dessert,white bread,bottled water,soda,misc. beverages,fruit/vegetable juice,bottled beer,,,,,,,,,,,,,
607,soda,misc. beverages,,,,,,,,,,,,,,,,,,,,,
608,milk,curd,,,,,,,,,,,,,,,,,,,,,
609,tropical fruit,other vegetables,yogurt,bottled water,male cosmetics,,,,,,,,,,,,,,,,,,
610,white bread,brown bread,,,,,,,,,,,,,,,,,,,,,
611,brown bread,sugar,hygiene articles,,,,,,,,,,,,,,,,,,,,
612,tropical fruit,root vegetables,coffee,bottled water,red/blush wine,candy,house keeping products,shopping bags,,,,,,,,,,,,,,,
613,domestic eggs,,,,,,,,,,,,,,,,,,,,,,
614,coffee,detergent,hygiene articles,photo/film,,,,,,,,,,,,,,,,,,,
615,soda,,,,,,,,,,,,,,,,,,,,,,
616,milk,,,,,,,,,,,,,,,,,,,,,,
617,bottled beer,,,,,,,,,,,,,,,,,,,,,,
618,pork,beef,berries,packaged fruit/vegetables,milk,mayonnaise,frozen fish,frozen potato products,oil,mustard,cat food,coffee,soda,chocolate,dish cleaner,napkins,newspapers,,,,,,
619,other vegetables,yogurt,,,,,,,,,,,,,,,,,,,,,
620,yogurt,bottled water,dishes,,,,,,,,,,,,,,,,,,,,
621,sparkling wine,,,,,,,,,,,,,,,,,,,,,,
622,bottled water,candy,,,,,,,,,,,,,,,,,,,,,
623,citrus fruit,berries,other vegetables,butter milk,sugar,fruit/vegetable juice,hygiene articles,,,,,,,,,,,,,,,,
624,hamburger meat,root vegetables,other vegetables,milk,rolls,,,,,,,,,,,,,,,,,,
625,packaged fruit/vegetables,seasonal products,,,,,,,,,,,,,,,,,,,,,
626,other vegetables,margarine,,,,,,,,,,,,,,,,,,,,,
627,soda,,,,,,,,,,,,,,,,,,,,,,
628,milk,yogurt,frozen potato products,margarine,bottled water,fruit/vegetable juice,salty snack,,,,,,,,,,,,,,,,
629,herbs,yogurt,,,,,,,,,,,,,,,,,,,,,
630,citrus fruit,spread cheese,rolls,soda,,,,,,,,,,,,,,,,,,,
631,misc. beverages,,,,,,,,,,,,,,,,,,,,,,
632,female sanitary products,,,,,,,,,,,,,,,,,,,,,,
633,soda,,,,,,,,,,,,,,,,,,,,,,
634,tropical fruit,milk,beverages,white bread,pasta,shopping bags,,,,,,,,,,,,,,,,,
635,soda,female sanitary products,,,,,,,,,,,,,,,,,,,,,
636,white bread,bottled water,soda,waffles,,,,,,,,,,,,,,,,,,,
637,coffee,chewing gum,chocolate marshmallow,,,,,,,,,,,,,,,,,,,,
638,tropical fruit,root vegetables,milk,frozen vegetables,honey,baking powder,coffee,red/blush wine,chocolate marshmallow,,,,,,,,,,,,,,
639,pork,pip fruit,milk,butter milk,,,,,,,,,,,,,,,,,,,
640,citrus fruit,bottled water,,,,,,,,,,,,,,,,,,,,,
641,frankfurter,,,,,,,,,,,,,,,,,,,,,,
642,frankfurter,rolls,,,,,,,,,,,,,,,,,,,,,
643,frankfurter,tropical fruit,pip fruit,curd,cow milk,hard cheese,domestic eggs,rolls,hygiene articles,napkins,shopping bags,,,,,,,,,,,,
644,other vegetables,,,,,,,,,,,,,,,,,,,,,,
645,yogurt,fruit/vegetable juice,newspapers,,,,,,,,,,,,,,,,,,,,
646,sausage,milk,yogurt,brown bread,cereals,bottled water,soda,,,,,,,,,,,,,,,,
647,milk,,,,,,,,,,,,,,,,,,,,,,
648,pip fruit,milk,curd,pastry,bottled water,,,,,,,,,,,,,,,,,,
649,milk,,,,,,,,,,,,,,,,,,,,,,
650,root vegetables,other vegetables,,,,,,,,,,,,,,,,,,,,,
651,onions,fruit/vegetable juice,,,,,,,,,,,,,,,,,,,,,
652,specialty chocolate,,,,,,,,,,,,,,,,,,,,,,
653,hamburger meat,domestic eggs,,,,,,,,,,,,,,,,,,,,,
654,photo/film,,,,,,,,,,,,,,,,,,,,,,
655,rolls,soda,snack products,newspapers,,,,,,,,,,,,,,,,,,,
656,canned beer,,,,,,,,,,,,,,,,,,,,,,
657,canned beer,,,,,,,,,,,,,,,,,,,,,,
658,other vegetables,curd,frozen meals,frozen potato products,soda,bottled beer,kitchen towels,candles,,,,,,,,,,,,,,,
659,canned beer,,,,,,,,,,,,,,,,,,,,,,
660,curd,whipped/sour cream,rolls,zwieback,spices,,,,,,,,,,,,,,,,,,
661,butter,fruit/vegetable juice,newspapers,,,,,,,,,,,,,,,,,,,,
662,other vegetables,milk,yogurt,domestic eggs,bottled water,soda,,,,,,,,,,,,,,,,,
663,milk,,,,,,,,,,,,,,,,,,,,,,
664,beef,tropical fruit,herbs,milk,curd,yogurt,whipped/sour cream,sliced cheese,,,,,,,,,,,,,,,
665,sausage,rolls,,,,,,,,,,,,,,,,,,,,,
666,soda,,,,,,,,,,,,,,,,,,,,,,
667,fruit/vegetable juice,long life bakery product,,,,,,,,,,,,,,,,,,,,,
668,rolls,coffee,long life bakery product,detergent,shopping bags,,,,,,,,,,,,,,,,,,
669,pip fruit,milk,bottled water,candy,,,,,,,,,,,,,,,,,,,
670,frozen vegetables,bottled beer,liquor (appetizer),chewing gum,napkins,newspapers,,,,,,,,,,,,,,,,,
671,beverages,,,,,,,,,,,,,,,,,,,,,,
672,hamburger meat,root vegetables,other vegetables,domestic eggs,roll products ,oil,margarine,hygiene articles,,,,,,,,,,,,,,,
673,root vegetables,other vegetables,milk,yogurt,fruit/vegetable juice,white wine,,,,,,,,,,,,,,,,,
674,canned beer,,,,,,,,,,,,,,,,,,,,,,
675,frozen vegetables,bottled beer,,,,,,,,,,,,,,,,,,,,,
676,canned beer,,,,,,,,,,,,,,,,,,,,,,
677,newspapers,,,,,,,,,,,,,,,,,,,,,,
678,rolls,,,,,,,,,,,,,,,,,,,,,,
679,hamburger meat,cow milk,salty snack,,,,,,,,,,,,,,,,,,,,
680,pip fruit,milk,curd,rum,,,,,,,,,,,,,,,,,,,
681,canned beer,,,,,,,,,,,,,,,,,,,,,,
682,grapes,root vegetables,frozen vegetables,domestic eggs,white wine,,,,,,,,,,,,,,,,,,
683,root vegetables,packaged fruit/vegetables,butter,whipped/sour cream,rolls,,,,,,,,,,,,,,,,,,
684,citrus fruit,frozen vegetables,rolls,canned beer,salty snack,,,,,,,,,,,,,,,,,,
685,cling film/bags,pot plants,,,,,,,,,,,,,,,,,,,,,
686,frankfurter,milk,rolls,margarine,baking powder,bottled beer,,,,,,,,,,,,,,,,,
687,milk,red/blush wine,,,,,,,,,,,,,,,,,,,,,
688,pork,tropical fruit,milk,curd,yogurt,hard cheese,frozen meals,frozen dessert,domestic eggs,cereals,baking powder,fruit/vegetable juice,soap,,,,,,,,,,
689,chicken,pastry,,,,,,,,,,,,,,,,,,,,,
690,sausage,dish cleaner,dishes,,,,,,,,,,,,,,,,,,,,
691,specialty bar,,,,,,,,,,,,,,,,,,,,,,
692,whipped/sour cream,pastry,specialty bar,,,,,,,,,,,,,,,,,,,,
693,root vegetables,brown bread,,,,,,,,,,,,,,,,,,,,,
694,rolls,soda,,,,,,,,,,,,,,,,,,,,,
695,other vegetables,bottled beer,red/blush wine,,,,,,,,,,,,,,,,,,,,
696,citrus fruit,tropical fruit,berries,root vegetables,other vegetables,milk,butter,bottled water,rubbing alcohol,hygiene articles,napkins,,,,,,,,,,,,
697,milk,processed cheese,brown bread,pastry,soda,,,,,,,,,,,,,,,,,,
698,frankfurter,sausage,tropical fruit,root vegetables,milk,yogurt,rolls,pastry,candy,,,,,,,,,,,,,,
699,coffee,long life bakery product,,,,,,,,,,,,,,,,,,,,,
700,ham,rolls,white wine,,,,,,,,,,,,,,,,,,,,
701,canned beer,,,,,,,,,,,,,,,,,,,,,,
702,canned beer,,,,,,,,,,,,,,,,,,,,,,
703,canned beer,,,,,,,,,,,,,,,,,,,,,,
704,pip fruit,milk,canned fish,,,,,,,,,,,,,,,,,,,,
705,pork,pip fruit,other vegetables,milk,curd,white bread,sugar,bottled water,soda,,,,,,,,,,,,,,
706,soap,,,,,,,,,,,,,,,,,,,,,,
707,pip fruit,butter,frozen meals,pasta,bottled water,,,,,,,,,,,,,,,,,,
708,beef,hamburger meat,citrus fruit,milk,mustard,soap,,,,,,,,,,,,,,,,,
709,sausage,meat,other vegetables,milk,yogurt,rolls,soda,bottled beer,chocolate,newspapers,,,,,,,,,,,,,
710,frozen chicken,,,,,,,,,,,,,,,,,,,,,,
711,soda,,,,,,,,,,,,,,,,,,,,,,
712,tropical fruit,curd,yogurt,rolls,brown bread,bottled water,bottled beer,seasonal products,,,,,,,,,,,,,,,
713,other vegetables,,,,,,,,,,,,,,,,,,,,,,
714,beef,citrus fruit,curd,rolls,oil,margarine,specialty bar,detergent,newspapers,,,,,,,,,,,,,,
715,meat,pork,beef,citrus fruit,root vegetables,other vegetables,milk,pickled vegetables,,,,,,,,,,,,,,,
716,meat,hamburger meat,root vegetables,packaged fruit/vegetables,milk,butter,newspapers,,,,,,,,,,,,,,,,
717,bottled water,soda,red/blush wine,long life bakery product,newspapers,,,,,,,,,,,,,,,,,,
718,rolls,,,,,,,,,,,,,,,,,,,,,,
719,pastry,canned beer,,,,,,,,,,,,,,,,,,,,,
720,pork,milk,pastry,sauces,,,,,,,,,,,,,,,,,,,
721,pip fruit,sliced cheese,pastry,white wine,light bulbs,newspapers,,,,,,,,,,,,,,,,,
722,beef,citrus fruit,tropical fruit,yogurt,cow milk,frozen vegetables,rolls,bottled water,skin care,,,,,,,,,,,,,,
723,beef,citrus fruit,berries,brown bread,sugar,coffee,kitchen towels,,,,,,,,,,,,,,,,
724,rolls,spices,,,,,,,,,,,,,,,,,,,,,
725,citrus fruit,tropical fruit,herbs,milk,butter,curd,whipped/sour cream,frozen vegetables,canned vegetables,misc. beverages,,,,,,,,,,,,,
726,meat,beef,herbs,milk,frozen dessert,rolls,semi-finished bread,flour,oil,coffee,pot plants,,,,,,,,,,,,
727,beverages,pastry,bottled water,,,,,,,,,,,,,,,,,,,,
728,beef,citrus fruit,other vegetables,rolls,,,,,,,,,,,,,,,,,,,
729,ham,milk,white bread,margarine,hair spray,,,,,,,,,,,,,,,,,,
730,hamburger meat,milk,oil,ketchup,soups,Instant food products,canned fish,coffee,bottled beer,hygiene articles,newspapers,,,,,,,,,,,,
731,beef,citrus fruit,other vegetables,butter milk,sliced cheese,processed cheese,rolls,margarine,bottled water,fruit/vegetable juice,,,,,,,,,,,,,
732,beef,citrus fruit,milk,domestic eggs,rolls,pastry,roll products ,tea,fruit/vegetable juice,,,,,,,,,,,,,,
733,root vegetables,milk,detergent,,,,,,,,,,,,,,,,,,,,
734,citrus fruit,tropical fruit,grapes,other vegetables,frozen vegetables,pickled vegetables,fruit/vegetable juice,liquor,rum,liquor (appetizer),candy,cling film/bags,,,,,,,,,,,
735,yogurt,bottled water,,,,,,,,,,,,,,,,,,,,,
736,tropical fruit,root vegetables,other vegetables,whipped/sour cream,brown bread,canned fish,long life bakery product,,,,,,,,,,,,,,,,
737,frankfurter,root vegetables,newspapers,,,,,,,,,,,,,,,,,,,,
738,beef,other vegetables,milk,brown bread,pastry,salty snack,abrasive cleaner,shopping bags,,,,,,,,,,,,,,,
739,shopping bags,,,,,,,,,,,,,,,,,,,,,,
740,canned beer,,,,,,,,,,,,,,,,,,,,,,
741,rolls,canned beer,,,,,,,,,,,,,,,,,,,,,
742,other vegetables,rolls,meat spreads,bottled water,soda,misc. beverages,waffles,chocolate,candy,,,,,,,,,,,,,,
743,hamburger meat,other vegetables,yogurt,rolls,bottled water,,,,,,,,,,,,,,,,,,
744,hamburger meat,citrus fruit,root vegetables,rolls,Instant food products,canned fish,bottled water,soda,fruit/vegetable juice,napkins,,,,,,,,,,,,,
745,frankfurter,sausage,domestic eggs,soda,chewing gum,shopping bags,,,,,,,,,,,,,,,,,
746,bottled beer,,,,,,,,,,,,,,,,,,,,,,
747,tropical fruit,domestic eggs,rolls,pastry,,,,,,,,,,,,,,,,,,,
748,soda,,,,,,,,,,,,,,,,,,,,,,
749,frankfurter,root vegetables,onions,other vegetables,white bread,canned beer,,,,,,,,,,,,,,,,,
750,chicken,hamburger meat,herbs,whipped/sour cream,soups,soda,canned beer,dish cleaner,napkins,cling film/bags,,,,,,,,,,,,,
751,coffee,soda,,,,,,,,,,,,,,,,,,,,,
752,milk,,,,,,,,,,,,,,,,,,,,,,
753,margarine,,,,,,,,,,,,,,,,,,,,,,
754,tropical fruit,other vegetables,,,,,,,,,,,,,,,,,,,,,
755,meat,other vegetables,,,,,,,,,,,,,,,,,,,,,
756,cream cheese ,bottled water,canned beer,,,,,,,,,,,,,,,,,,,,
757,newspapers,,,,,,,,,,,,,,,,,,,,,,
758,rolls,pastry,newspapers,,,,,,,,,,,,,,,,,,,,
759,citrus fruit,other vegetables,milk,curd,yogurt,potato products,fruit/vegetable juice,long life bakery product,,,,,,,,,,,,,,,
760,milk,rolls,detergent,,,,,,,,,,,,,,,,,,,,
761,frankfurter,citrus fruit,butter milk,cow milk,rolls,female sanitary products,shopping bags,,,,,,,,,,,,,,,,
762,ham,other vegetables,butter,whipped/sour cream,sugar,soda,,,,,,,,,,,,,,,,,
763,frankfurter,citrus fruit,bottled beer,salty snack,,,,,,,,,,,,,,,,,,,
764,sausage,onions,curd,yogurt,domestic eggs,coffee,,,,,,,,,,,,,,,,,
765,domestic eggs,,,,,,,,,,,,,,,,,,,,,,
766,milk,domestic eggs,rolls,soda,,,,,,,,,,,,,,,,,,,
767,rolls,bottled beer,newspapers,,,,,,,,,,,,,,,,,,,,
768,milk,hard cheese,chocolate marshmallow,,,,,,,,,,,,,,,,,,,,
769,sausage,root vegetables,other vegetables,rolls,soda,,,,,,,,,,,,,,,,,,
770,curd,butter milk,yogurt,beverages,,,,,,,,,,,,,,,,,,,
771,bottled water,,,,,,,,,,,,,,,,,,,,,,
772,beef,,,,,,,,,,,,,,,,,,,,,,
773,frankfurter,hamburger meat,milk,rolls,potato products,mustard,coffee,waffles,chocolate marshmallow,soap,newspapers,,,,,,,,,,,,
774,chicken,butter,newspapers,,,,,,,,,,,,,,,,,,,,
775,sausage,meat,tropical fruit,pip fruit,pastry,sugar,coffee,candles,pot plants,,,,,,,,,,,,,,
776,pork,milk,whipped/sour cream,beverages,,,,,,,,,,,,,,,,,,,
777,yogurt,pastry,coffee,,,,,,,,,,,,,,,,,,,,
778,milk,sliced cheese,margarine,cat food,detergent,dishes,shopping bags,,,,,,,,,,,,,,,,
779,frankfurter,ham,milk,yogurt,rolls,pastry,vinegar,sugar,soda,fruit/vegetable juice,napkins,,,,,,,,,,,,
780,beef,milk,brown bread,specialty chocolate,newspapers,,,,,,,,,,,,,,,,,,
781,pip fruit,other vegetables,butter milk,cream cheese ,rolls,,,,,,,,,,,,,,,,,,
782,sausage,milk,rolls,coffee,chocolate,,,,,,,,,,,,,,,,,,
783,pastry,coffee,,,,,,,,,,,,,,,,,,,,,
784,chicken,beef,specialty chocolate,,,,,,,,,,,,,,,,,,,,
785,root vegetables,other vegetables,milk,sliced cheese,frozen vegetables,frozen fish,frozen dessert,chocolate,,,,,,,,,,,,,,,
786,milk,frozen meals,rolls,,,,,,,,,,,,,,,,,,,,
787,detergent,,,,,,,,,,,,,,,,,,,,,,
788,rolls,canned fish,,,,,,,,,,,,,,,,,,,,,
789,house keeping products,,,,,,,,,,,,,,,,,,,,,,
790,yogurt,salt,jam,sparkling wine,cleaner,,,,,,,,,,,,,,,,,,
791,tropical fruit,curd,sliced cheese,rolls,soda,,,,,,,,,,,,,,,,,,
792,tropical fruit,,,,,,,,,,,,,,,,,,,,,,
793,curd,cow milk,artif. sweetener,dental care,,,,,,,,,,,,,,,,,,,
794,beef,berries,onions,rolls,,,,,,,,,,,,,,,,,,,
795,milk,brown bread,pasta,margarine,bottled water,napkins,newspapers,,,,,,,,,,,,,,,,
796,pork,cow milk,bottled water,soda,canned beer,,,,,,,,,,,,,,,,,,
797,other vegetables,curd,yogurt,curd cheese,margarine,cleaner,hygiene articles,,,,,,,,,,,,,,,,
798,rolls,soda,fruit/vegetable juice,canned beer,white wine,long life bakery product,shopping bags,,,,,,,,,,,,,,,,
799,frankfurter,pip fruit,milk,rolls,roll products ,,,,,,,,,,,,,,,,,,
800,yogurt,hygiene articles,newspapers,shopping bags,,,,,,,,,,,,,,,,,,,
801,milk,curd,sliced cheese,cat food,coffee,,,,,,,,,,,,,,,,,,
802,bottled water,candy,,,,,,,,,,,,,,,,,,,,,
803,frankfurter,beef,butter,,,,,,,,,,,,,,,,,,,,
804,rolls,soda,snack products,shopping bags,,,,,,,,,,,,,,,,,,,
805,milk,pastry,bottled water,hygiene articles,,,,,,,,,,,,,,,,,,,
806,rolls,,,,,,,,,,,,,,,,,,,,,,
807,chicken,onions,other vegetables,milk,brown bread,white wine,red/blush wine,,,,,,,,,,,,,,,,
808,tropical fruit,onions,milk,butter,dishes,,,,,,,,,,,,,,,,,,
809,sausage,turkey,other vegetables,yogurt,brown bread,oil,hygiene articles,shopping bags,,,,,,,,,,,,,,,
810,sausage,other vegetables,milk,curd,hard cheese,soda,candy,newspapers,,,,,,,,,,,,,,,
811,frankfurter,citrus fruit,pastry,margarine,ready soups,instant coffee,shopping bags,,,,,,,,,,,,,,,,
812,cow milk,frozen dessert,fruit/vegetable juice,decalcifier,newspapers,,,,,,,,,,,,,,,,,,
813,rolls,newspapers,,,,,,,,,,,,,,,,,,,,,
814,canned beer,,,,,,,,,,,,,,,,,,,,,,
815,yogurt,specialty bar,,,,,,,,,,,,,,,,,,,,,
816,whipped/sour cream,specialty bar,,,,,,,,,,,,,,,,,,,,,
817,rolls,canned beer,,,,,,,,,,,,,,,,,,,,,
818,rolls,,,,,,,,,,,,,,,,,,,,,,
819,beverages,rolls,,,,,,,,,,,,,,,,,,,,,
820,rolls,,,,,,,,,,,,,,,,,,,,,,
821,rolls,shopping bags,,,,,,,,,,,,,,,,,,,,,
822,bottled beer,,,,,,,,,,,,,,,,,,,,,,
823,citrus fruit,curd,yogurt,sliced cheese,rolls,oil,bottled water,,,,,,,,,,,,,,,,
824,bottled water,soda,,,,,,,,,,,,,,,,,,,,,
825,pastry,,,,,,,,,,,,,,,,,,,,,,
826,domestic eggs,rolls,pastry,coffee,candles,,,,,,,,,,,,,,,,,,
827,beef,pip fruit,root vegetables,rolls,margarine,,,,,,,,,,,,,,,,,,
828,spread cheese,rolls,bottled water,newspapers,,,,,,,,,,,,,,,,,,,
829,tropical fruit,spread cheese,rolls,soda,,,,,,,,,,,,,,,,,,,
830,packaged fruit/vegetables,canned beer,candles,,,,,,,,,,,,,,,,,,,,
831,milk,yogurt,bottled beer,white wine,salty snack,napkins,,,,,,,,,,,,,,,,,
832,meat,beef,other vegetables,milk,butter,domestic eggs,rolls,,,,,,,,,,,,,,,,
833,onions,milk,bottled beer,liquor (appetizer),detergent,dishes,,,,,,,,,,,,,,,,,
834,frankfurter,grapes,other vegetables,butter milk,cow milk,brown bread,margarine,organic products,bottled water,soda,,,,,,,,,,,,,
835,beef,rolls,bottled beer,,,,,,,,,,,,,,,,,,,,
836,beef,,,,,,,,,,,,,,,,,,,,,,
837,sausage,bottled beer,liquor (appetizer),,,,,,,,,,,,,,,,,,,,
838,chicken,onions,herbs,hygiene articles,,,,,,,,,,,,,,,,,,,
839,canned beer,,,,,,,,,,,,,,,,,,,,,,
840,sausage,root vegetables,other vegetables,milk,bottled beer,seasonal products,,,,,,,,,,,,,,,,,
841,tropical fruit,milk,curd,yogurt,whipped/sour cream,,,,,,,,,,,,,,,,,,
842,frankfurter,rolls,soda,abrasive cleaner,newspapers,flower (seeds),,,,,,,,,,,,,,,,,
843,sausage,tropical fruit,semi-finished bread,,,,,,,,,,,,,,,,,,,,
844,beef,tropical fruit,root vegetables,yogurt,,,,,,,,,,,,,,,,,,,
845,tropical fruit,pastry,flour,rum,,,,,,,,,,,,,,,,,,,
846,yogurt,,,,,,,,,,,,,,,,,,,,,,
847,frankfurter,rolls,mustard,,,,,,,,,,,,,,,,,,,,
848,bottled beer,,,,,,,,,,,,,,,,,,,,,,
849,grapes,soda,,,,,,,,,,,,,,,,,,,,,
850,beverages,rolls,,,,,,,,,,,,,,,,,,,,,
851,curd,bottled beer,pot plants,,,,,,,,,,,,,,,,,,,,
852,ice cream,sugar,flower (seeds),,,,,,,,,,,,,,,,,,,,
853,sausage,rolls,soda,canned beer,shopping bags,,,,,,,,,,,,,,,,,,
854,other vegetables,,,,,,,,,,,,,,,,,,,,,,
855,dessert,beverages,bottled water,,,,,,,,,,,,,,,,,,,,
856,decalcifier,,,,,,,,,,,,,,,,,,,,,,
857,canned beer,,,,,,,,,,,,,,,,,,,,,,
858,coffee,,,,,,,,,,,,,,,,,,,,,,
859,berries,other vegetables,milk,whipped/sour cream,,,,,,,,,,,,,,,,,,,
860,pork,tropical fruit,rolls,semi-finished bread,bottled beer,newspapers,,,,,,,,,,,,,,,,,
861,frankfurter,chicken,pork,citrus fruit,other vegetables,milk,butter milk,whipped/sour cream,cream cheese ,frozen dessert,domestic eggs,rolls,sugar,baking powder,,,,,,,,,
862,pork,beef,milk,domestic eggs,bottled water,bottled beer,hygiene articles,,,,,,,,,,,,,,,,
863,frankfurter,pork,citrus fruit,root vegetables,onions,other vegetables,packaged fruit/vegetables,cat food,bottled water,,,,,,,,,,,,,,
864,frozen dessert,brandy,,,,,,,,,,,,,,,,,,,,,
865,chicken,other vegetables,packaged fruit/vegetables,condensed milk,frozen vegetables,fruit/vegetable juice,,,,,,,,,,,,,,,,,
866,vinegar,oil,,,,,,,,,,,,,,,,,,,,,
867,rolls,soda,specialty bar,,,,,,,,,,,,,,,,,,,,
868,milk,,,,,,,,,,,,,,,,,,,,,,
869,pork,root vegetables,milk,whipped/sour cream,,,,,,,,,,,,,,,,,,,
870,rolls,newspapers,,,,,,,,,,,,,,,,,,,,,
871,grapes,other vegetables,zwieback,Instant food products,dishes,,,,,,,,,,,,,,,,,,
872,frankfurter,citrus fruit,whipped/sour cream,cream cheese ,rolls,baking powder,seasonal products,napkins,,,,,,,,,,,,,,,
873,finished products,root vegetables,packaged fruit/vegetables,yogurt,specialty cheese,frozen vegetables,ice cream,soda,bottled beer,,,,,,,,,,,,,,
874,onions,other vegetables,flour,,,,,,,,,,,,,,,,,,,,
875,tropical fruit,milk,rolls,,,,,,,,,,,,,,,,,,,,
876,other vegetables,cream cheese ,tea,chocolate,chocolate marshmallow,,,,,,,,,,,,,,,,,,
877,ham,turkey,beef,other vegetables,milk,pot plants,,,,,,,,,,,,,,,,,
878,other vegetables,milk,margarine,bottled beer,,,,,,,,,,,,,,,,,,,
879,curd,,,,,,,,,,,,,,,,,,,,,,
880,sausage,beef,other vegetables,,,,,,,,,,,,,,,,,,,,
881,canned beer,liquor (appetizer),chewing gum,,,,,,,,,,,,,,,,,,,,
882,ham,chicken,citrus fruit,berries,onions,milk,curd,yogurt,frozen vegetables,rolls,margarine,soda,liquor (appetizer),cake bar,candy,seasonal products,skin care,,,,,,
883,packaged fruit/vegetables,milk,dessert,yogurt,cow milk,margarine,bottled water,long life bakery product,,,,,,,,,,,,,,,
884,meat,rolls,soda,specialty bar,,,,,,,,,,,,,,,,,,,
885,milk,dessert,,,,,,,,,,,,,,,,,,,,,
886,canned beer,,,,,,,,,,,,,,,,,,,,,,
887,chicken,cow milk,rolls,coffee,long life bakery product,house keeping products,,,,,,,,,,,,,,,,,
888,rolls,red/blush wine,newspapers,,,,,,,,,,,,,,,,,,,,
889,pet care,bottled water,,,,,,,,,,,,,,,,,,,,,
890,root vegetables,other vegetables,soda,shopping bags,,,,,,,,,,,,,,,,,,,
891,pastry,,,,,,,,,,,,,,,,,,,,,,
892,frankfurter,hamburger meat,milk,domestic eggs,rolls,brown bread,margarine,bottled water,flower (seeds),,,,,,,,,,,,,,
893,chicken,grapes,milk,whipped/sour cream,mayonnaise,,,,,,,,,,,,,,,,,,
894,frozen dessert,semi-finished bread,,,,,,,,,,,,,,,,,,,,,
895,citrus fruit,tropical fruit,grapes,yogurt,rolls,margarine,canned fruit,bottled water,soda,misc. beverages,candy,female sanitary products,shopping bags,,,,,,,,,,
896,sausage,pork,beef,berries,root vegetables,milk,butter,rolls,cat food,bottled water,newspapers,,,,,,,,,,,,
897,root vegetables,onions,other vegetables,packaged fruit/vegetables,milk,whipped/sour cream,frozen vegetables,rolls,pasta,soups,baking powder,soda,detergent,,,,,,,,,,
898,root vegetables,milk,yogurt,rolls,,,,,,,,,,,,,,,,,,,
899,bottled beer,,,,,,,,,,,,,,,,,,,,,,
900,frankfurter,canned beer,,,,,,,,,,,,,,,,,,,,,
901,root vegetables,milk,butter,coffee,,,,,,,,,,,,,,,,,,,
902,berries,other vegetables,whipped/sour cream,cow milk,bottled water,soda,hygiene articles,newspapers,,,,,,,,,,,,,,,
903,hamburger meat,,,,,,,,,,,,,,,,,,,,,,
904,tropical fruit,milk,rolls,semi-finished bread,margarine,fruit/vegetable juice,long life bakery product,newspapers,,,,,,,,,,,,,,,
905,frankfurter,pork,beverages,frozen meals,waffles,,,,,,,,,,,,,,,,,,
906,frankfurter,sausage,frozen fish,margarine,specialty bar,,,,,,,,,,,,,,,,,,
907,soda,newspapers,,,,,,,,,,,,,,,,,,,,,
908,ice cream,,,,,,,,,,,,,,,,,,,,,,
909,beef,milk,frozen vegetables,brown bread,pastry,coffee,,,,,,,,,,,,,,,,,
910,milk,pastry,bottled water,newspapers,photo/film,,,,,,,,,,,,,,,,,,
911,pork,fish,milk,butter,curd,yogurt,whipped/sour cream,flour,sugar,,,,,,,,,,,,,,
912,milk,chewing gum,,,,,,,,,,,,,,,,,,,,,
913,bottled beer,,,,,,,,,,,,,,,,,,,,,,
914,pork,grapes,cow milk,brown bread,margarine,,,,,,,,,,,,,,,,,,
915,root vegetables,pot plants,,,,,,,,,,,,,,,,,,,,,
916,canned beer,,,,,,,,,,,,,,,,,,,,,,
917,citrus fruit,root vegetables,milk,butter,whipped/sour cream,oil,mustard,bottled water,bottled beer,,,,,,,,,,,,,,
918,pip fruit,herbs,other vegetables,milk,coffee,female sanitary products,hygiene articles,shopping bags,,,,,,,,,,,,,,,
919,root vegetables,dessert,yogurt,cream cheese ,rice,,,,,,,,,,,,,,,,,,
920,tropical fruit,curd,rolls,organic products,newspapers,,,,,,,,,,,,,,,,,,
921,beef,root vegetables,other vegetables,milk,butter,soft cheese,hard cheese,domestic eggs,pasta,coffee,candles,,,,,,,,,,,,
922,chicken,pork,milk,butter,white bread,,,,,,,,,,,,,,,,,,
923,citrus fruit,grapes,milk,rolls,pastry,oil,margarine,candles,newspapers,,,,,,,,,,,,,,
924,meat,beef,tropical fruit,pip fruit,other vegetables,whipped/sour cream,soft cheese,frozen meals,margarine,coffee,fruit/vegetable juice,pot plants,,,,,,,,,,,
925,cream cheese ,spread cheese,rolls,,,,,,,,,,,,,,,,,,,,
926,citrus fruit,herbs,milk,bottled water,bottled beer,pot plants,,,,,,,,,,,,,,,,,
927,specialty bar,,,,,,,,,,,,,,,,,,,,,,
928,meat,other vegetables,milk,beverages,rolls,margarine,chocolate,napkins,newspapers,,,,,,,,,,,,,,
929,citrus fruit,tropical fruit,pip fruit,,,,,,,,,,,,,,,,,,,,
930,frankfurter,beef,tropical fruit,root vegetables,packaged fruit/vegetables,milk,frozen vegetables,,,,,,,,,,,,,,,,
931,citrus fruit,milk,,,,,,,,,,,,,,,,,,,,,
932,turkey,root vegetables,other vegetables,curd,bottled beer,specialty chocolate,,,,,,,,,,,,,,,,,
933,citrus fruit,onions,milk,curd,yogurt,rolls,pasta,mustard,dog food,canned beer,,,,,,,,,,,,,
934,sausage,domestic eggs,,,,,,,,,,,,,,,,,,,,,
935,newspapers,,,,,,,,,,,,,,,,,,,,,,
936,milk,yogurt,,,,,,,,,,,,,,,,,,,,,
937,yogurt,,,,,,,,,,,,,,,,,,,,,,
938,yogurt,,,,,,,,,,,,,,,,,,,,,,
939,bottled water,,,,,,,,,,,,,,,,,,,,,,
940,berries,milk,whipped/sour cream,domestic eggs,,,,,,,,,,,,,,,,,,,
941,packaged fruit/vegetables,milk,rolls,pastry,,,,,,,,,,,,,,,,,,,
942,frankfurter,soda,,,,,,,,,,,,,,,,,,,,,
943,nuts/prunes,milk,semi-finished bread,jam,soda,pot plants,shopping bags,,,,,,,,,,,,,,,,
944,citrus fruit,other vegetables,packaged fruit/vegetables,milk,butter,whipped/sour cream,flour,sugar,coffee,soda,sparkling wine,dishes,,,,,,,,,,,
945,beef,citrus fruit,root vegetables,onions,curd,hard cheese,rolls,fruit/vegetable juice,,,,,,,,,,,,,,,
946,milk,yogurt,frozen vegetables,coffee,canned beer,napkins,,,,,,,,,,,,,,,,,
947,other vegetables,whipped/sour cream,,,,,,,,,,,,,,,,,,,,,
948,beef,other vegetables,,,,,,,,,,,,,,,,,,,,,
949,fish,berries,other vegetables,milk,dessert,yogurt,spread cheese,coffee,white wine,red/blush wine,,,,,,,,,,,,,
950,other vegetables,milk,curd,frozen vegetables,domestic eggs,sugar,instant coffee,newspapers,,,,,,,,,,,,,,,
951,tropical fruit,berries,root vegetables,milk,butter,yogurt,whipped/sour cream,sliced cheese,hard cheese,specialty chocolate,napkins,,,,,,,,,,,,
952,coffee,,,,,,,,,,,,,,,,,,,,,,
953,sausage,pork,other vegetables,frozen fish,rolls,semi-finished bread,artif. sweetener,ready soups,bottled water,hygiene articles,newspapers,,,,,,,,,,,,
954,meat,root vegetables,whipped/sour cream,beverages,cream cheese ,waffles,dishes,,,,,,,,,,,,,,,,
955,chicken,tropical fruit,pip fruit,root vegetables,other vegetables,packaged fruit/vegetables,butter,rolls,margarine,sugar,rum,long life bakery product,abrasive cleaner,,,,,,,,,,
956,berries,milk,whipped/sour cream,margarine,organic products,fruit/vegetable juice,shopping bags,,,,,,,,,,,,,,,,
957,frozen meals,misc. beverages,,,,,,,,,,,,,,,,,,,,,
958,whipped/sour cream,,,,,,,,,,,,,,,,,,,,,,
959,beef,root vegetables,bottled beer,chocolate,shopping bags,,,,,,,,,,,,,,,,,,
960,chicken,pork,other vegetables,milk,whipped/sour cream,cow milk,domestic eggs,rolls,bottled water,soda,fruit/vegetable juice,bottled beer,,,,,,,,,,,
961,chicken,pork,hamburger meat,pip fruit,nuts/prunes,root vegetables,other vegetables,milk,spread cheese,frozen potato products,brown bread,Instant food products,soda,fruit/vegetable juice,shopping bags,,,,,,,,
962,beef,tropical fruit,root vegetables,herbs,other vegetables,milk,yogurt,hard cheese,rolls,brown bread,bottled water,bottled beer,salty snack,shopping bags,,,,,,,,,
963,packaged fruit/vegetables,pickled vegetables,,,,,,,,,,,,,,,,,,,,,
964,sugar,,,,,,,,,,,,,,,,,,,,,,
965,frankfurter,sausage,beef,root vegetables,packaged fruit/vegetables,milk,dessert,yogurt,sliced cheese,ice cream,rolls,soda,,,,,,,,,,,
966,berries,frozen vegetables,pet care,instant coffee,,,,,,,,,,,,,,,,,,,
967,bottled water,soda,chewing gum,napkins,,,,,,,,,,,,,,,,,,,
968,sausage,chicken,citrus fruit,berries,root vegetables,curd,beverages,abrasive cleaner,,,,,,,,,,,,,,,
969,milk,cow milk,domestic eggs,soda,fruit/vegetable juice,dishes,newspapers,,,,,,,,,,,,,,,,
970,ice cream,rolls,,,,,,,,,,,,,,,,,,,,,
971,frankfurter,citrus fruit,tropical fruit,rolls,,,,,,,,,,,,,,,,,,,
972,root vegetables,milk,white bread,brown bread,sweet spreads,dog food,brandy,shopping bags,,,,,,,,,,,,,,,
973,sausage,rolls,specialty chocolate,,,,,,,,,,,,,,,,,,,,
974,sausage,ham,citrus fruit,tropical fruit,berries,packaged fruit/vegetables,milk,whipped/sour cream,sliced cheese,pastry,sugar,baking powder,,,,,,,,,,,
975,beef,root vegetables,milk,cream cheese ,,,,,,,,,,,,,,,,,,,
976,fruit/vegetable juice,,,,,,,,,,,,,,,,,,,,,,
977,sugar,hygiene articles,,,,,,,,,,,,,,,,,,,,,
978,berries,whipped/sour cream,,,,,,,,,,,,,,,,,,,,,
979,yogurt,beverages,coffee,,,,,,,,,,,,,,,,,,,,
980,pork,beef,,,,,,,,,,,,,,,,,,,,,
981,bottled beer,shopping bags,,,,,,,,,,,,,,,,,,,,,
982,curd,butter milk,yogurt,sliced cheese,coffee,,,,,,,,,,,,,,,,,,
983,beef,Instant food products,canned beer,,,,,,,,,,,,,,,,,,,,
984,pork,berries,whipped/sour cream,beverages,flour,oil,soda,chocolate,newspapers,,,,,,,,,,,,,,
985,white bread,,,,,,,,,,,,,,,,,,,,,,
986,grapes,milk,processed cheese,rolls,white bread,fruit/vegetable juice,,,,,,,,,,,,,,,,,
987,potato products,flower (seeds),,,,,,,,,,,,,,,,,,,,,
988,root vegetables,onions,yogurt,rolls,coffee,bottled water,dishes,,,,,,,,,,,,,,,,
989,chicken,hamburger meat,cow milk,soda,canned beer,bathroom cleaner,newspapers,,,,,,,,,,,,,,,,
990,chicken,other vegetables,salt,,,,,,,,,,,,,,,,,,,,
991,fish,cream cheese ,coffee,,,,,,,,,,,,,,,,,,,,
992,canned beer,,,,,,,,,,,,,,,,,,,,,,
993,other vegetables,milk,frozen meals,rolls,brown bread,napkins,,,,,,,,,,,,,,,,,
994,chicken,pork,milk,frozen vegetables,brown bread,vinegar,bottled beer,red/blush wine,newspapers,,,,,,,,,,,,,,
995,other vegetables,misc. beverages,,,,,,,,,,,,,,,,,,,,,
996,tropical fruit,milk,,,,,,,,,,,,,,,,,,,,,
997,milk,cake bar,newspapers,,,,,,,,,,,,,,,,,,,,
998,beef,hamburger meat,berries,pastry,hygiene articles,,,,,,,,,,,,,,,,,,
999,sausage,grapes,rolls,soda,salty snack,,,,,,,,,,,,,,,,,,
1000,milk,rolls,chocolate,,,,,,,,,,,,,,,,,,,,
1001,rolls,soda,,,,,,,,,,,,,,,,,,,,,
1002,citrus fruit,tropical fruit,pip fruit,other vegetables,,,,,,,,,,,,,,,,,,,
1003,milk,sliced cheese,domestic eggs,artif. sweetener,bottled water,soda,shopping bags,,,,,,,,,,,,,,,,
1004,pastry,soda,bottled beer,,,,,,,,,,,,,,,,,,,,
1005,tropical fruit,other vegetables,milk,yogurt,soft cheese,hard cheese,spread cheese,curd cheese,frozen vegetables,ice cream,pastry,coffee,fruit/vegetable juice,hygiene articles,,,,,,,,,
1006,sliced cheese,pastry,newspapers,,,,,,,,,,,,,,,,,,,,
1007,soda,,,,,,,,,,,,,,,,,,,,,,
1008,ham,citrus fruit,milk,dessert,frozen meals,coffee,popcorn,shopping bags,,,,,,,,,,,,,,,
1009,salty snack,,,,,,,,,,,,,,,,,,,,,,
1010,milk,curd,cream cheese ,flour,coffee,bottled water,misc. beverages,newspapers,,,,,,,,,,,,,,,
1011,root vegetables,whipped/sour cream,,,,,,,,,,,,,,,,,,,,,
1012,soda,canned beer,shopping bags,,,,,,,,,,,,,,,,,,,,
1013,curd,roll products ,margarine,bottled water,canned beer,white wine,dish cleaner,,,,,,,,,,,,,,,,
1014,bottled water,soda,fruit/vegetable juice,bottled beer,napkins,,,,,,,,,,,,,,,,,,
1015,packaged fruit/vegetables,pot plants,,,,,,,,,,,,,,,,,,,,,
1016,tropical fruit,root vegetables,frozen vegetables,ice cream,bottled water,cling film/bags,,,,,,,,,,,,,,,,,
1017,ham,beef,grapes,yogurt,whipped/sour cream,domestic eggs,white bread,pastry,bottled water,fruit/vegetable juice,white wine,salty snack,chocolate,newspapers,shopping bags,,,,,,,,
1018,pork,citrus fruit,cow milk,brown bread,soda,bottled beer,canned beer,long life bakery product,,,,,,,,,,,,,,,
1019,beverages,rolls,soda,misc. beverages,liqueur,cake bar,,,,,,,,,,,,,,,,,
1020,sausage,rolls,soda,,,,,,,,,,,,,,,,,,,,
1021,sausage,citrus fruit,milk,yogurt,rolls,bottled water,soda,napkins,,,,,,,,,,,,,,,
1022,root vegetables,milk,butter,yogurt,cream cheese ,frozen fish,shopping bags,,,,,,,,,,,,,,,,
1023,milk,cream cheese ,,,,,,,,,,,,,,,,,,,,,
1024,frankfurter,turkey,root vegetables,other vegetables,yogurt,rolls,pastry,ready soups,,,,,,,,,,,,,,,
1025,soda,shopping bags,,,,,,,,,,,,,,,,,,,,,
1026,soda,bottled beer,,,,,,,,,,,,,,,,,,,,,
1027,frankfurter,popcorn,,,,,,,,,,,,,,,,,,,,,
1028,berries,milk,whipped/sour cream,pickled vegetables,detergent,newspapers,,,,,,,,,,,,,,,,,
1029,canned beer,,,,,,,,,,,,,,,,,,,,,,
1030,frankfurter,pork,white bread,canned vegetables,soda,,,,,,,,,,,,,,,,,,
1031,frankfurter,hamburger meat,milk,butter,curd,flour,rice,oil,sugar,mustard,salty snack,chocolate,chocolate marshmallow,dish cleaner,dental care,,,,,,,,
1032,berries,root vegetables,milk,beverages,sugar,soups,coffee,shopping bags,,,,,,,,,,,,,,,
1033,frankfurter,rolls,,,,,,,,,,,,,,,,,,,,,
1034,newspapers,,,,,,,,,,,,,,,,,,,,,,
1035,frozen fish,newspapers,,,,,,,,,,,,,,,,,,,,,
1036,tropical fruit,newspapers,,,,,,,,,,,,,,,,,,,,,
1037,beef,grapes,berries,milk,yogurt,rolls,newspapers,pot plants,,,,,,,,,,,,,,,
1038,rolls,coffee,instant coffee,salty snack,specialty chocolate,,,,,,,,,,,,,,,,,,
1039,specialty chocolate,pot plants,,,,,,,,,,,,,,,,,,,,,
1040,sparkling wine,dish cleaner,,,,,,,,,,,,,,,,,,,,,
1041,citrus fruit,napkins,shopping bags,,,,,,,,,,,,,,,,,,,,
1042,onions,herbs,bottled beer,,,,,,,,,,,,,,,,,,,,
1043,milk,pastry,detergent,candles,,,,,,,,,,,,,,,,,,,
1044,photo/film,,,,,,,,,,,,,,,,,,,,,,
1045,hamburger meat,,,,,,,,,,,,,,,,,,,,,,
1046,other vegetables,milk,white bread,chewing gum,,,,,,,,,,,,,,,,,,,
1047,milk,rolls,shopping bags,,,,,,,,,,,,,,,,,,,,
1048,pork,tropical fruit,grapes,hard cheese,soda,napkins,shopping bags,,,,,,,,,,,,,,,,
1049,tropical fruit,grapes,berries,other vegetables,milk,butter,dessert,yogurt,whipped/sour cream,ice cream,pastry,salt,baking powder,bottled water,misc. beverages,fruit/vegetable juice,canned beer,specialty chocolate,pot plants,,,,
1050,chicken,pork,citrus fruit,other vegetables,whipped/sour cream,white bread,chewing gum,pot plants,,,,,,,,,,,,,,,
1051,other vegetables,chewing gum,,,,,,,,,,,,,,,,,,,,,
1052,sausage,bottled water,red/blush wine,,,,,,,,,,,,,,,,,,,,
1053,milk,whipped/sour cream,baking powder,,,,,,,,,,,,,,,,,,,,
1054,rolls,coffee,,,,,,,,,,,,,,,,,,,,,
1055,hygiene articles,,,,,,,,,,,,,,,,,,,,,,
1056,ice cream,newspapers,,,,,,,,,,,,,,,,,,,,,
1057,curd,whipped/sour cream,domestic eggs,flour,misc. beverages,newspapers,,,,,,,,,,,,,,,,,
1058,milk,frozen meals,newspapers,,,,,,,,,,,,,,,,,,,,
1059,onions,milk,dessert,domestic eggs,rolls,white bread,coffee,bottled water,,,,,,,,,,,,,,,
1060,finished products,organic sausage,sliced cheese,white bread,fruit/vegetable juice,,,,,,,,,,,,,,,,,,
1061,salt,dog food,long life bakery product,,,,,,,,,,,,,,,,,,,,
1062,tropical fruit,root vegetables,other vegetables,domestic eggs,white bread,brown bread,canned vegetables,soda,fruit/vegetable juice,rum,,,,,,,,,,,,,
1063,other vegetables,milk,yogurt,,,,,,,,,,,,,,,,,,,,
1064,chocolate,,,,,,,,,,,,,,,,,,,,,,
1065,ice cream,,,,,,,,,,,,,,,,,,,,,,
1066,tropical fruit,oil,cat food,,,,,,,,,,,,,,,,,,,,
1067,frankfurter,citrus fruit,milk,yogurt,sliced cheese,specialty cheese,pastry,fruit/vegetable juice,,,,,,,,,,,,,,,
1068,butter,pasta,canned fish,softener,flower (seeds),,,,,,,,,,,,,,,,,,
1069,other vegetables,butter milk,frozen fish,salty snack,,,,,,,,,,,,,,,,,,,
1070,tropical fruit,pastry,canned beer,chocolate,,,,,,,,,,,,,,,,,,,
1071,citrus fruit,root vegetables,packaged fruit/vegetables,yogurt,sliced cheese,rolls,white bread,brown bread,zwieback,,,,,,,,,,,,,,
1072,cow milk,salt,soda,specialty chocolate,shopping bags,,,,,,,,,,,,,,,,,,
1073,beef,,,,,,,,,,,,,,,,,,,,,,
1074,curd,yogurt,spread cheese,sugar,canned vegetables,,,,,,,,,,,,,,,,,,
1075,citrus fruit,other vegetables,milk,dessert,yogurt,frozen vegetables,fruit/vegetable juice,bottled beer,salty snack,,,,,,,,,,,,,,
1076,yogurt,brown bread,bottled beer,white wine,,,,,,,,,,,,,,,,,,,
1077,bottled beer,liquor,red/blush wine,,,,,,,,,,,,,,,,,,,,
1078,grapes,,,,,,,,,,,,,,,,,,,,,,
1079,pork,other vegetables,soda,,,,,,,,,,,,,,,,,,,,
1080,sausage,citrus fruit,berries,other vegetables,milk,yogurt,whipped/sour cream,cream cheese ,frozen vegetables,domestic eggs,pastry,margarine,soups,canned fish,chocolate,candy,napkins,,,,,,
1081,frankfurter,chicken,pork,tropical fruit,root vegetables,other vegetables,yogurt,cow milk,mayonnaise,brown bread,pastry,flour,mustard,coffee,cocoa drinks,fruit/vegetable juice,salty snack,long life bakery product,chocolate,seasonal products,,,
1082,artif. sweetener,soda,photo/film,,,,,,,,,,,,,,,,,,,,
1083,frankfurter,onions,butter,processed cheese,rolls,coffee,bottled beer,,,,,,,,,,,,,,,,
1084,pip fruit,root vegetables,dessert,yogurt,domestic eggs,shopping bags,,,,,,,,,,,,,,,,,
1085,frankfurter,milk,coffee,detergent,,,,,,,,,,,,,,,,,,,
1086,milk,newspapers,,,,,,,,,,,,,,,,,,,,,
1087,domestic eggs,hygiene articles,photo/film,flower soil/fertilizer,,,,,,,,,,,,,,,,,,,
1088,packaged fruit/vegetables,dessert,mayonnaise,oil,soda,waffles,chocolate,flower (seeds),shopping bags,,,,,,,,,,,,,,
1089,chicken,other vegetables,whipped/sour cream,frozen vegetables,bottled water,long life bakery product,,,,,,,,,,,,,,,,,
1090,pork,milk,curd,yogurt,whipped/sour cream,cream cheese ,domestic eggs,white bread,sugar,baking powder,coffee,cocoa drinks,salty snack,waffles,candy,napkins,,,,,,,
1091,citrus fruit,other vegetables,milk,curd,yogurt,whipped/sour cream,cream cheese ,pastry,vinegar,oil,coffee,long life bakery product,detergent,cleaner,napkins,newspapers,,,,,,,
1092,light bulbs,,,,,,,,,,,,,,,,,,,,,,
1093,cream cheese ,margarine,tea,,,,,,,,,,,,,,,,,,,,
1094,sausage,curd,frozen meals,domestic eggs,cake bar,seasonal products,detergent,cleaner,house keeping products,pot plants,shopping bags,,,,,,,,,,,,
1095,citrus fruit,onions,,,,,,,,,,,,,,,,,,,,,
1096,other vegetables,whipped/sour cream,roll products ,,,,,,,,,,,,,,,,,,,,
1097,chicken,tropical fruit,pip fruit,root vegetables,other vegetables,milk,butter,yogurt,whipped/sour cream,hard cheese,frozen vegetables,frozen fish,domestic eggs,white bread,rice,specialty fat,dog food,bottled water,fruit/vegetable juice,long life bakery product,softener,napkins,cling film/bags
1098,ice cream,,,,,,,,,,,,,,,,,,,,,,
1099,pork,beef,ice cream,rolls,newspapers,,,,,,,,,,,,,,,,,,
1100,pork,tropical fruit,other vegetables,yogurt,semi-finished bread,flour,margarine,artif. sweetener,organic products,chocolate marshmallow,,,,,,,,,,,,,
